model,fold,RMSE,MAE,R2
Ridge,0,3.3994140927103724,2.314508320819055,0.883050582382632
Ridge,1,2.847038453895745,2.063627164091689,0.9061053115278059
Ridge,2,3.3501582326924493,2.429647739992066,0.8681144736480184
Ridge,3,2.7340517925028704,2.089012739477883,0.9158191785899596
Ridge,4,3.098881173402746,2.093092003268119,0.9017352315171222
Ridge,5,3.8032100372174242,2.7083352041260893,0.8503796607175008
Ridge,6,3.000765696927554,2.1951286146110984,0.9011890019579695
Ridge,7,3.338200607358125,2.3659265371432383,0.8749173584570189
Ridge,8,3.3707175338359456,2.3372860700366913,0.8721909859223198
Ridge,9,3.0130352136215466,2.042798833945479,0.8764415927159519
Ridge,10,2.8446769897385678,2.040699065521268,0.9076610882145082
Ridge,11,3.9026383336166957,2.755684859677887,0.8467086455840357
Ridge,12,3.1927761564791703,2.299424166011446,0.8942739392159116
Ridge,13,2.5249457812433955,1.8726116577285479,0.9045477915450636
Ridge,14,2.7833368231177715,1.9113369847737025,0.9136144313669343
Ridge,15,3.729601689502566,2.5177070686976775,0.8690101106665855
Ridge,16,3.2306177338100315,2.291869272345929,0.8631851364246758
Ridge,17,3.790917149820435,2.7405361881332486,0.8596752801504364
Ridge,18,2.6479692829386146,1.8459963547723148,0.9080976578759332
Ridge,19,3.2554525344737555,2.4167191838161184,0.8825491200611836
Ridge,20,3.414616829526311,2.426056355174892,0.8713746145634832
Ridge,21,2.941221086071569,2.133338538092209,0.8872226299309373
Ridge,22,4.254075593752689,3.0457797959012765,0.8058706939175269
Ridge,23,3.2660894641784752,2.2882679620666484,0.8883936186873506
Ridge,24,2.662474435876487,1.9280643705960476,0.9155363318228033
Ridge,25,2.8366413210024604,1.9232310502364924,0.918189214244843
Ridge,26,2.8609910560631455,2.2041147520012023,0.8948995238679663
Ridge,27,3.0847467605960386,2.1903968850182016,0.8891353876533822
Ridge,28,3.2283801538988848,2.2504270149277614,0.8867653010616671
Ridge,29,3.278089541107865,2.278372827024447,0.8884349396744619
kNN,0,2.8219820744084867,1.8564935064935064,0.9194067955673593
kNN,1,2.1551660810575215,1.4692640692640688,0.9461958411883068
kNN,2,2.6128237598429775,1.7865974025974032,0.9197792476684602
kNN,3,2.302352395100835,1.7190476190476187,0.9403042685059957
kNN,4,2.2776133048703353,1.3867532467532473,0.9469179153259091
kNN,5,2.9725236728628945,2.0259307359307357,0.9086011654262487
kNN,6,2.5929299478168923,1.7740259740259743,0.926222713106234
kNN,7,2.467692865979898,1.6767532467532469,0.9316475018597582
kNN,8,2.4555693352528087,1.729912280701755,0.9321701015205183
kNN,9,2.4150213226706443,1.6032017543859653,0.9206209629982796
kNN,10,2.193934443083552,1.4651948051948047,0.9450754983607181
kNN,11,3.270282201739223,2.32955266955267,0.8923605398865688
kNN,12,2.318258571685825,1.5047792207792208,0.9442597571188964
kNN,13,2.04865697040656,1.3704761904761906,0.9371622886850948
kNN,14,2.307205696096064,1.5178787878787876,0.9406415849410851
kNN,15,2.85222403994251,1.850155844155844,0.9233909386099864
kNN,16,2.454676192338861,1.5408658008658007,0.9210139206480127
kNN,17,2.771143230725328,1.9019220779220785,0.9250168735071101
kNN,18,2.3276107980696534,1.6474269005847952,0.9289896880905223
kNN,19,2.6896643467625503,1.990921052631579,0.9198267088395511
kNN,20,2.2481100287349602,1.6524242424242426,0.9442457648838787
kNN,21,2.1188223675212194,1.4965800865800865,0.9414730733713079
kNN,22,3.269885553420415,2.2844935064935057,0.8853046525436478
kNN,23,2.4996874552106254,1.600909090909091,0.9346261149663063
kNN,24,1.8424307928796753,1.272380952380953,0.9595534565957502
kNN,25,2.091642650040627,1.307142857142857,0.9555187798562184
kNN,26,2.17563057486063,1.5982251082251082,0.939222617808377
kNN,27,2.393321425527178,1.570606060606061,0.93326464630545
kNN,28,2.3648033806724325,1.576140350877193,0.9392424480137674
kNN,29,2.7594744817092756,1.8253216374269003,0.9209431793389514
SVR (RBF),0,1.8204941896729987,1.203507167969154,0.9664595784430565
SVR (RBF),1,1.7373068532825515,1.0733273321797467,0.9650371018567147
SVR (RBF),2,1.7075155145441896,1.0922284268432638,0.9657393329793424
SVR (RBF),3,1.662011129404916,1.104295987380537,0.9688923259512183
SVR (RBF),4,1.6428978313926057,0.9348023994139374,0.9723809268116481
SVR (RBF),5,2.115185140482714,1.252641351457958,0.9537206993188753
SVR (RBF),6,1.6608704453956948,1.1207132487204552,0.9697299856464227
SVR (RBF),7,1.9491691917548382,1.3347784076446738,0.9573546918046998
SVR (RBF),8,1.4299202144399872,0.993034923454159,0.9769993358896637
SVR (RBF),9,1.633465233080456,1.0266325566266048,0.9636851982670684
SVR (RBF),10,1.6114243512090534,0.9506284148227997,0.9703695206806733
SVR (RBF),11,1.947214471984932,1.2985677267966544,0.9618382197324057
SVR (RBF),12,1.7364910021898086,1.062509114166316,0.9687255138452597
SVR (RBF),13,1.5493840505785004,1.0641218999368258,0.9640581829405767
SVR (RBF),14,1.7396457901337488,1.070824458208083,0.9662532987648272
SVR (RBF),15,2.1840883134042124,1.4133275681774276,0.955078602413418
SVR (RBF),16,1.8758275766758183,1.14378908447684,0.953873769104549
SVR (RBF),17,2.1832573657206087,1.3509592246902415,0.9534568828840201
SVR (RBF),18,1.402133535336522,0.9474876646632951,0.9742320750479
SVR (RBF),19,1.7711810876061822,1.148427288026342,0.9652336200469708
SVR (RBF),20,1.867053723798667,1.1970023322228918,0.9615446856529127
SVR (RBF),21,1.8331525032551665,1.1910438448142562,0.956190952228532
SVR (RBF),22,2.4650872919847493,1.7181249875622864,0.9348153554091294
SVR (RBF),23,1.7658663790027922,1.0669552271121672,0.9673751480565626
SVR (RBF),24,1.31878015639596,0.8995925061990667,0.9792774186657297
SVR (RBF),25,1.4811997474066552,0.9929217971209529,0.9776936263519745
SVR (RBF),26,1.3940959300039353,0.9082455566419516,0.9750450328888023
SVR (RBF),27,1.5861064154920235,1.0363605013177113,0.9706898154721331
SVR (RBF),28,1.7706288130298506,1.0081129245135805,0.9659383841799394
SVR (RBF),29,2.0327123970539676,1.2890711708836116,0.9571018610140147
Decision tree,0,2.0984776832257097,1.235397054965237,0.95543451550065
Decision tree,1,2.225551890312052,1.559612640536596,0.9426240606884383
Decision tree,2,1.911861850947742,1.1457488568430128,0.9570483836222816
Decision tree,3,2.7448862394572178,1.5471333060878518,0.9151506764212488
Decision tree,4,2.0814978629000898,1.0159729127082073,0.9556656927392506
Decision tree,5,2.05134048869171,1.190917285095857,0.956472320186628
Decision tree,6,2.1886177070735617,1.2885958237289403,0.9474369049184487
Decision tree,7,2.3275527252632795,1.6316392867756504,0.9391905275105861
Decision tree,8,1.9759897368470583,1.077593100168329,0.9560775928432512
Decision tree,9,1.495882906133939,0.8125198222829809,0.9695449662188713
Decision tree,10,2.340426933711979,1.7226842866218481,0.9374958278957679
Decision tree,11,2.2028655822011283,1.56524896406108,0.9511598437880898
Decision tree,12,1.811330545363577,1.0713461724610793,0.9659716782880126
Decision tree,13,1.9927318298485017,1.1208661100803958,0.9405462047733397
Decision tree,14,2.003804985680679,1.1258581894296182,0.9552265488259473
Decision tree,15,2.3925900068979287,1.5200187164927426,0.9460924693635796
Decision tree,16,1.6255600102607026,0.9962444381015807,0.965360776340558
Decision tree,17,2.6382465388554595,1.4673159301864425,0.93203640365272
Decision tree,18,1.805323814890804,1.0071686753219262,0.9572819995400436
Decision tree,19,1.8588567388579635,1.021126096491228,0.9617064719851448
Decision tree,20,2.366206650497193,1.3680868044187364,0.9382341990517633
Decision tree,21,2.175508102542124,1.5442225680379387,0.938299592638437
Decision tree,22,2.30118893957893,1.3803541351438353,0.9431951715998563
Decision tree,23,1.1603617742777013,0.6674208432260381,0.9859129615355728
Decision tree,24,1.9758772505120126,0.9875324675324675,0.9534822213983462
Decision tree,25,2.2426403485860504,1.151053774677915,0.9488646801159737
Decision tree,26,2.7776493021795052,1.6242737273548957,0.9009335712261575
Decision tree,27,1.7180773813903505,1.1095157699443416,0.9656094319168219
Decision tree,28,2.1375927819699743,1.4832631956603437,0.9503567574441256
Decision tree,29,1.6880215754111363,0.9419334083314344,0.9704169759368539
Random forest,0,1.655945365360837,1.0520457792207754,0.9722487895784315
Random forest,1,1.7733162233839916,1.1142999999999958,0.9635727208510743
Random forest,2,1.4621185001976167,0.8890642857142851,0.9748793055113089
Random forest,3,1.735165789386094,1.1050850649350716,0.9660936034129312
Random forest,4,1.5487834382864263,0.8554465367965313,0.9754546414768184
Random forest,5,1.6719006090647037,1.0529266233766246,0.9710858169519896
Random forest,6,1.5760497654235546,1.0618222943722981,0.9727428172395266
Random forest,7,1.6376493549748008,1.0328920995671,0.9698967061737231
Random forest,8,1.3617946579899554,0.907574780701758,0.9791387649331186
Random forest,9,1.2846026782704951,0.7591111842105199,0.9775404250445817
Random forest,10,1.5816967631682497,1.001643506493513,0.9714526838840314
Random forest,11,1.8848419570271362,1.1482650432900423,0.9642438351627822
Random forest,12,1.6893057176625128,1.0637025974025969,0.970402051359506
Random forest,13,1.517950251042582,0.8908512987012956,0.9655017596209419
Random forest,14,1.6909559003458023,0.9945171428571457,0.9681158951447724
Random forest,15,1.7058577772966883,1.1674662337662272,0.9725969748620323
Random forest,16,1.4296373729094656,0.83348116883117,0.9732074578980712
Random forest,17,1.739070081399681,1.0347915584415563,0.9704688904279923
Random forest,18,1.2978534225840637,0.8371710526315829,0.9779223935627692
Random forest,19,1.4949622463304195,0.9608588157894693,0.9752318259993739
Random forest,20,1.826932845805394,1.1552268398268348,0.9631796507156292
Random forest,21,1.5254236354206698,0.9254577922077956,0.9696647510412741
Random forest,22,1.5427063716164513,1.037053246753251,0.974470209981972
Random forest,23,1.2374468348674175,0.7295500000000003,0.9839791345921094
Random forest,24,1.2410727502824028,0.7778350649350709,0.9816475721391295
Random forest,25,1.5565324060147356,0.9185740259740226,0.9753669579770803
Random forest,26,2.069363733649275,1.305606493506495,0.9450148580542004
Random forest,27,1.5269467861505186,0.9948730519480535,0.97283550013136
Random forest,28,1.4636803901854694,0.8806069078947322,0.9767243026905648
Random forest,29,1.5783431311154905,0.9349171052631525,0.9741363729357014
Gradient boosting,0,1.1639970589958757,0.7565644014748287,0.9862882246754839
Gradient boosting,1,1.05424750458225,0.7710169487648431,0.9871252287158196
Gradient boosting,2,1.1027439106848254,0.8120929360709276,0.9857105394492871
Gradient boosting,3,1.1647695692213151,0.7717914862967412,0.9847215352730254
Gradient boosting,4,1.0008495113640514,0.6604330713759129,0.9897499602135156
Gradient boosting,5,1.3057967840894957,0.909415317304289,0.9823623303739717
Gradient boosting,6,0.9359851690930708,0.6512812973907278,0.9903865549689812
Gradient boosting,7,0.9403662464053322,0.6463873307160721,0.9900741834358603
Gradient boosting,8,0.9004744134550429,0.6710126044826952,0.9908786416426942
Gradient boosting,9,1.0419929217916946,0.7172823500305403,0.9852227566797903
Gradient boosting,10,1.1219469621806375,0.7821250151472546,0.9856363939107292
Gradient boosting,11,1.0359409998414615,0.6584136152647502,0.9891988227603006
Gradient boosting,12,1.1166871883941198,0.695322221899626,0.9870667350260836
Gradient boosting,13,1.1300436829846479,0.8232076164294001,0.980880684883253
Gradient boosting,14,1.1713862488212912,0.8720240212709913,0.9846993490209087
Gradient boosting,15,1.2412699225067956,0.8996083380679912,0.9854907376510312
Gradient boosting,16,0.8403129792364884,0.5733265989641378,0.9907435538387076
Gradient boosting,17,1.2422397844913988,0.8767202187282019,0.9849319703613115
Gradient boosting,18,0.907622846579135,0.6760797260335002,0.9892027903927838
Gradient boosting,19,1.0183186564984725,0.6989555358839994,0.9885078591357849
Gradient boosting,20,1.1239471368468514,0.7171650859403096,0.9860641165081908
Gradient boosting,21,1.092224285899305,0.7987104968187602,0.9844478556344225
Gradient boosting,22,1.2758635248480568,0.8656243914735913,0.9825381947695373
Gradient boosting,23,0.9088045164792736,0.6233961772363473,0.991358804576907
Gradient boosting,24,0.8927157983051774,0.6510658716919949,0.990504332773511
Gradient boosting,25,0.940277640743823,0.6559577561303572,0.9910109471882951
Gradient boosting,26,1.370119533949125,0.9248219720922803,0.9758960288116587
Gradient boosting,27,0.8308768202484673,0.6194735200220974,0.9919568309721195
Gradient boosting,28,1.0283367062511832,0.7175446252997996,0.9885110360088982
Gradient boosting,29,1.2804106213993474,0.8695741456610945,0.9829789982460518
