target,feature,mean,std
Y1,Relative compactness,-0.11211160823719749,0.0544100397854855
Y1,Surface area,-0.27919168561571733,0.05791791391431308
Y1,Wall area,0.6559360957907889,0.058473469637742935
Y1,Roof area,-0.6227216530020531,0.05697721179082409
Y1,Overall height,1.6832733194362677,0.10019690037970733
Y1,Orientation,0.007801330341427197,0.026889042834481344
Y1,Glazing area,1.8146048527425938,0.19518733197259777
Y1,Glazing distribution,0.19669106325867028,0.04412171329238298
Y2,Relative compactness,-0.5629376550042059,0.11774562400803397
Y2,Surface area,-0.7721473596674363,0.11115327439369056
Y2,Wall area,0.3568653142688369,0.05130385091768291
Y2,Roof area,-0.7945734325102222,0.10285079656130375
Y2,Overall height,-0.7744751571450924,0.08977669565471993
Y2,Orientation,-0.03491256824769102,0.09407676318258623
Y2,Glazing area,0.8821835787419623,0.1531897883304963
Y2,Glazing distribution,0.08036261309904497,0.10305456762270977
