dataset,target,model,random,grouped,rho_obs
ENB2012,heating,GBM,0.41165790293592414,5.532864079293471,13.440441783902006
ENB2012,heating,Ridge,2.986432740339644,4.086081911771189,1.3682149464067566
ENB2012,cooling,GBM,1.2305763075687537,5.688614523776787,4.622723913006067
ENB2012,cooling,Ridge,3.2576670777269663,4.389287771125018,1.347371498191165
Concrete,strength,GBM,4.54519060270873,5.973542985810478,1.314255772299299
Concrete,strength,Ridge,10.487264422287522,10.524868762975007,1.003585714937021
Parkinson,total UPDRS,GBM,3.922306737701766,13.904066777532547,3.5448698195591626
Parkinson,total UPDRS,Ridge,9.739483663383801,11.791292280684466,1.2106691369086195
Parkinson,motor UPDRS,GBM,3.1032124204579166,10.171432812593842,3.277710783038476
Parkinson,motor UPDRS,Ridge,7.495045499486859,9.014664671561567,1.2027498261589935
