model,protocol,mates,n,rmse
GBM,random,0,246,5.895938668516713
GBM,random,1-2,106,3.849873026465193
GBM,random,3-5,594,3.8291886550453356
GBM,random,6-10,37,3.758493328578146
GBM,random,>10,47,5.829602439806733
GBM,grouped,0,246,5.737906949077256
GBM,grouped,1-2,106,4.1394474216730135
GBM,grouped,3-5,594,5.841835839717128
GBM,grouped,6-10,37,5.436226014684152
GBM,grouped,>10,47,6.461944294020402
RF,random,0,246,5.499792778824854
RF,random,1-2,106,3.7109818263011123
RF,random,3-5,594,4.189176971154602
RF,random,6-10,37,4.133148683662983
RF,random,>10,47,6.391178994456131
RF,grouped,0,246,5.33296433000907
RF,grouped,1-2,106,3.9872212487584657
RF,grouped,3-5,594,5.84754386969952
RF,grouped,6-10,37,7.549384724306542
RF,grouped,>10,47,8.382125443663115
Ridge,random,0,246,9.063835259289043
Ridge,random,1-2,106,8.667042233873648
Ridge,random,3-5,594,10.834079835587023
Ridge,random,6-10,37,11.449293325985083
Ridge,random,>10,47,14.47627982063649
Ridge,grouped,0,246,9.076507525202118
Ridge,grouped,1-2,106,8.66511941718585
Ridge,grouped,3-5,594,10.931274524686769
Ridge,grouped,6-10,37,11.560661624912873
Ridge,grouped,>10,47,14.731246139281827
