dataset,target,model,groups,rowwt_m_train,grouped_rmse,icc_resid,offset_share,rho_bound,rho_bound_inf
ENB2012,heating,Ridge,12,58.666666666666664,4.08608191177119,0.8889790108473078,0.882182930477277,2.8889097617418886,2.9133716638657448
ENB2012,heating,GBM,12,58.666666666666664,5.532864079293472,0.9873897839845708,0.9864737650961927,8.52593870629915,8.598279082700346
ENB2012,cooling,Ridge,12,58.666666666666664,4.389287771125018,0.8397621300905985,0.8310395637009955,2.4124030916220693,2.432806059435345
ENB2012,cooling,GBM,12,58.666666666666664,5.688614523776786,0.940678105579889,0.9370951629460726,3.9535929810576245,3.9871078114041323
Concrete,strength,Ridge,427,3.8568932038834944,10.524868762975009,0.0,0.41259323500583944,1.1963865350596357,1.30475968151393
Concrete,strength,GBM,427,3.8568932038834944,5.973542985810478,0.5753421053853397,0.7510389089090437,1.8007002811198431,2.0041686326336303
Parkinson,total UPDRS,Ridge,42,127.41012765957448,11.791292280684468,0.8954597368266776,0.8939426939803891,3.058676976745561,3.070645665753282
Parkinson,total UPDRS,GBM,42,127.41012765957448,13.904066777532547,0.9391911072497061,0.938445038402368,4.014871726798147,4.030588557648813
Parkinson,motor UPDRS,Ridge,42,127.41012765957448,9.014664671561567,0.8659573286968899,0.8641401975973235,2.702457864695465,2.713029466439814
Parkinson,motor UPDRS,GBM,42,127.41012765957448,10.171432812593842,0.917548875186195,0.916577813683323,3.4487583096202266,3.462256316070992
