features,n_features,target,model,protocol,rmse
voice,16,total_UPDRS,Ridge,random,10.17278440432726
voice,16,total_UPDRS,Ridge,grouped,11.281928495571043
voice,16,total_UPDRS,RF,random,8.372837771532778
voice,16,total_UPDRS,RF,grouped,11.690925122434521
voice,16,total_UPDRS,GBM,random,8.990099181849924
voice,16,total_UPDRS,GBM,grouped,11.843129892729474
voice+demo,18,total_UPDRS,Ridge,random,9.777672389471475
voice+demo,18,total_UPDRS,Ridge,grouped,11.791230905597052
voice+demo,18,total_UPDRS,RF,random,3.5905653338075028
voice+demo,18,total_UPDRS,RF,grouped,12.849962478020567
voice+demo,18,total_UPDRS,GBM,random,4.2459661317284
voice+demo,18,total_UPDRS,GBM,grouped,13.774647475516295
voice+time,17,total_UPDRS,Ridge,random,10.130557331752913
voice+time,17,total_UPDRS,Ridge,grouped,11.270926455843545
voice+time,17,total_UPDRS,RF,random,8.136172684956113
voice+time,17,total_UPDRS,RF,grouped,11.59498382648988
voice+time,17,total_UPDRS,GBM,random,8.549521813417385
voice+time,17,total_UPDRS,GBM,grouped,11.687800882668784
all,19,total_UPDRS,Ridge,random,9.739483663383801
all,19,total_UPDRS,Ridge,grouped,11.791292280684466
all,19,total_UPDRS,RF,random,2.955617503424552
all,19,total_UPDRS,RF,grouped,12.82204787858296
all,19,total_UPDRS,GBM,random,3.922306737701766
all,19,total_UPDRS,GBM,grouped,13.904066777532547
demo+time,3,total_UPDRS,Ridge,random,10.110811808697104
demo+time,3,total_UPDRS,Ridge,grouped,11.18814273435501
demo+time,3,total_UPDRS,RF,random,0.17406547256955796
demo+time,3,total_UPDRS,RF,grouped,12.439609668348156
demo+time,3,total_UPDRS,GBM,random,4.144048977198128
demo+time,3,total_UPDRS,GBM,grouped,13.798961712801136
