subject,n,mean_updrs,baseline_rmse,Ridge_rmse,Ridge_bias,RF_rmse,RF_bias,GBM_rmse,GBM_bias
1,149,40.73320134228188,12.197546178332393,9.730606113549054,-8.907272775098349,14.626175284313465,-13.953396617449663,16.85173657330033,-16.43504793733726
2,145,16.28401379310345,12.582891200289527,9.75726541771178,9.282500293876359,6.949970177456342,6.514377503448277,6.061584580600151,5.731963764853048
3,144,33.359701388888894,6.260524567802475,5.589522460823998,-3.2334745870207673,13.694310554312077,-13.06402251388889,14.32807617903475,-14.01729257689504
4,137,23.58732116788321,7.228143064845003,12.561073051027414,11.886391594212128,16.87176553690975,16.58147343795622,20.722953488498717,20.112365873413243
5,156,41.853987179487184,13.329510040684635,8.93203213868352,-8.70502650876264,13.050625814805707,-12.86463744230769,12.393876051388427,-12.344909176656646
6,156,41.337929487179494,12.283723774844425,12.208788767360135,-11.929184377357984,16.237021644274467,-15.932644121794878,17.639714489558184,-17.45310328875196
7,161,23.0688198757764,6.729808246628149,13.288754480609041,13.067072425919024,18.37004219277233,17.999096577639754,18.891382260442953,18.661008014141036
8,150,25.88702,3.3903082437762895,8.877481142865449,7.9201645493204,5.953290308575343,5.423470339999997,6.36757931224347,5.841690928830387
9,152,25.076730263157895,4.342417435754097,6.1943809487152395,5.903570345083554,17.509724826652608,17.354993190789475,18.64854263294235,18.225755253450757
10,148,19.854675675675676,9.452583746732055,8.636135566233785,8.377531281418637,7.83940791598963,6.722320141891891,6.4019961279928905,5.160432982753597
11,138,22.862855072463773,6.510925482223936,4.692035774860268,4.037091316725192,10.564972134243142,9.855071000000006,11.498899607197751,10.853483864599692
12,107,24.141766355140184,5.571285113953825,7.623930761777718,6.693653198167426,8.928987039469552,7.937509897196245,9.487630860664073,8.270581208487288
13,112,27.835839285714286,4.149384704937812,4.97664187459459,3.6480046775811195,3.1788474531462425,0.7108582321428635,3.86796012462663,2.27836643414993
14,136,18.016573529411765,12.129913943416364,7.83580778487305,5.997831763607671,5.478007934968924,2.693773110294119,3.841182153212683,-0.9518954726714561
15,143,19.88088111888112,10.324464619401875,10.300352547177058,10.124170909007342,6.985965867939368,-5.901198713286711,6.44596436472306,-5.27315459404968
16,138,18.555108695652173,10.975392308208702,11.511682012483638,11.269193436141869,4.166961451401564,-0.43034126086956526,6.654444375405892,-6.327067070280903
17,144,31.938069444444448,5.073659814446333,7.240403790980446,-5.163666355428067,5.355414263944804,-0.9508044791666695,5.815092747037745,-2.474107924923568
18,126,7.300970634920635,21.54791612112873,23.000954030760923,22.923007371438754,18.08683454352208,17.78354847619047,14.035742694827343,13.90467746440529
19,129,26.162054263565892,3.1733389611592724,1.9950155305493755,1.0769217400458533,2.564470610027489,0.32173724806201726,2.8322672557568493,-1.4104440688515687
20,134,16.93094776119403,12.921427059330613,10.79161934582881,10.421922842635094,15.439227477367757,15.140578783582082,10.799600118390892,10.364266434362934
21,123,40.140260162601614,13.096104348251343,10.500750096016118,-9.750423679152336,14.672895524295368,-14.183435739837396,17.22248795906139,-16.86530445738048
22,112,10.96509375,18.20614812478247,12.366296308983689,12.11188919568708,15.056783913326539,13.973508062500002,13.297893464654686,12.54184887929171
23,138,25.461260869565216,4.376551217369808,3.4425010585194062,-2.302874838731591,4.185879600136664,-3.586989086956522,2.2569733257829485,1.1239696632854517
24,156,18.275608974358974,11.046759960182907,12.753180305422887,12.623261386990558,9.956253277223071,9.773202487179484,11.661320084491845,11.454910033241918
25,144,48.6414236111111,19.810107218532444,15.78368046901175,-15.644164379272095,12.480899379512742,-12.174518986111112,10.377770888173611,-9.809662586726096
26,130,31.332246153846157,3.381094249265648,7.140054145089986,-5.854869127642347,2.5836260691289072,0.629974161538456,5.360821693812445,4.3374968676329715
27,129,15.433992248062015,14.324842803831993,5.548106010763384,5.05731770880649,5.449570781321603,4.78546818604651,8.376954106659248,7.910046394601644
28,134,34.88738805970149,7.776216988518989,10.349641006771062,-8.657509929961284,10.386983302382191,-8.066560223880598,18.240790575953465,-16.443276475883053
29,168,31.5055,2.554368707729734,4.424605802373955,3.7463211036163777,14.876358031814991,14.599909392857152,16.95869740924002,16.577369219663773
30,126,36.90282539682539,9.228133702898111,20.726460410480406,-18.97130560141158,11.477364549442395,-10.1395011984127,8.740216715972748,-6.622475377566453
31,130,29.559146153846157,3.5656579705857636,6.936196795636597,4.929154348100005,11.47967489111008,10.817827538461541,19.564339938517712,19.008540497542178
32,101,13.038624752475249,17.073585022993434,7.8218053310844375,6.5454882361351086,21.573521060949137,21.18133505940595,27.302739105236572,27.022604367795136
33,135,30.46006666666667,3.2634074152071046,3.545209261875229,2.9046265759222774,1.4616812521494726,0.2054590370370277,4.422632917145897,4.056984285637485
34,161,32.31774534161491,3.558896267085344,6.845210116421118,-6.510179105907211,11.200878195477827,-11.072645770186332,11.218690385117911,-11.010745647287719
35,165,54.2531090909091,26.616117338908417,27.443447016723997,-27.317264153992134,24.236250955502985,-24.07792535151515,27.66101248935446,-27.587695862789836
36,129,30.42368992248062,2.600760499252393,16.832766423543006,-12.208630255529123,3.9353899960118137,-3.717683364341085,8.141994211825885,-7.8094242315489275
37,140,41.61630000000001,13.811856379782153,19.511312125630372,-18.515802030306993,26.273128940892953,-25.76593232857143,30.32051445567985,-30.02674889143096
38,149,26.808973154362416,2.856594247880766,6.661333699652714,6.218121091486993,7.097185254915665,6.244847966442949,2.19609845211692,-1.571295443764818
39,143,40.10299300699301,12.880610082860537,12.378409047080593,-11.741858498281001,17.241984398343,-16.945716258741264,15.264439509138143,-14.915886355601026
40,142,25.95357042253521,3.3451097399613463,15.506388676471593,15.204151028998675,9.717292497933936,9.100378922535217,6.043468675059927,4.913536445758084
41,165,42.601660606060605,13.985868621439574,16.609451328565992,-16.433434698677864,15.532861606864902,-15.386958787878795,15.929172102135563,-15.786873979003879
42,150,33.23603333333333,4.929066183856942,6.268125381345137,-5.732115709900813,9.222201217158098,-8.54910808666667,9.387484613094083,-8.996085415006412
