model,variant,n,rmse
GBM,offset,0,14.040416744982332
GBM,offset,5,6.372507903578961
GBM,offset,10,6.2655427082245145
GBM,offset,20,5.865865833570146
GBM,offset,40,5.197658685952659
GBM,retrain_w20,5,11.129982970415377
GBM,retrain_w20,10,9.98244261940942
GBM,retrain_w20,20,8.170446949250262
GBM,retrain_w20,40,6.506080417059348
Ridge,offset,0,11.926900893458031
Ridge,offset,5,6.57342228103764
Ridge,offset,10,6.390140002835082
Ridge,offset,20,6.112830056236195
Ridge,offset,40,5.234430237398639
mean,baseline,0,11.06023990031104
