subject,model,variant,n,se,cnt
13,Ridge,offset,0,1731.9391054763414,72
13,Ridge,offset,5,1428.9388837361653,72
13,Ridge,offset,10,1413.410401544008,72
13,Ridge,offset,20,1468.8471450947172,72
13,Ridge,offset,40,1388.970452305111,72
13,GBM,offset,0,1174.6131234311058,72
13,GBM,offset,5,1131.929906172189,72
13,GBM,offset,10,1021.3668420406807,72
13,GBM,offset,20,951.4938998148036,72
13,GBM,offset,40,1053.5558009087795,72
13,GBM,retrain_w20,5,973.8784851724698,72
13,GBM,retrain_w20,10,1001.6884465155881,72
13,GBM,retrain_w20,20,880.4113087805441,72
13,GBM,retrain_w20,40,921.6276822113032,72
13,mean,baseline,0,1127.8637783105473,72
15,Ridge,offset,0,9678.103351140564,103
15,Ridge,offset,5,2840.260757706211,103
15,Ridge,offset,10,2193.59138788298,103
15,Ridge,offset,20,1174.9238542839507,103
15,Ridge,offset,40,538.4819996534042,103
15,GBM,offset,0,4414.756366324635,103
15,GBM,offset,5,3604.2375443387937,103
15,GBM,offset,10,2874.1575263450954,103
15,GBM,offset,20,1703.777400200024,103
15,GBM,offset,40,1411.9224109083664,103
15,GBM,retrain_w20,5,4706.986979236787,103
15,GBM,retrain_w20,10,4170.2271539403555,103
15,GBM,retrain_w20,20,3995.8834309364743,103
15,GBM,retrain_w20,40,4783.74378410045,103
15,mean,baseline,0,7498.774732034439,103
20,Ridge,offset,0,13281.566727735964,94
20,Ridge,offset,5,2450.8205834565483,94
20,Ridge,offset,10,2480.0139553020654,94
20,Ridge,offset,20,2802.1002380277755,94
20,Ridge,offset,40,2139.949041467518,94
20,GBM,offset,0,12487.45762359155,94
20,GBM,offset,5,3180.142154082074,94
20,GBM,offset,10,3539.6802953155216,94
20,GBM,offset,20,2552.0682138362813,94
20,GBM,offset,40,1435.6581586494758,94
20,GBM,retrain_w20,5,7948.543373094749,94
20,GBM,retrain_w20,10,6997.013460292717,94
20,GBM,retrain_w20,20,5534.597237874523,94
20,GBM,retrain_w20,40,4565.060353566578,94
20,mean,baseline,0,16602.51537575894,94
29,Ridge,offset,0,3157.1894889522127,128
29,Ridge,offset,5,3332.6455124586523,128
29,Ridge,offset,10,3835.4758675633584,128
29,Ridge,offset,20,2847.3734858964226,128
29,Ridge,offset,40,2160.084655345698,128
29,GBM,offset,0,41368.487786091435,128
29,GBM,offset,5,8992.35908959744,128
29,GBM,offset,10,8853.033048291845,128
29,GBM,offset,20,6745.9054930417315,128
29,GBM,offset,40,4110.588794969535,128
29,GBM,retrain_w20,5,4896.771367927917,128
29,GBM,retrain_w20,10,7894.491554908478,128
29,GBM,retrain_w20,20,8095.83734920013,128
29,GBM,retrain_w20,40,4114.100186749358,128
29,mean,baseline,0,686.9616506399464,128
32,Ridge,offset,0,5581.518460620066,61
32,Ridge,offset,5,7212.532566704168,61
32,Ridge,offset,10,7669.858898551383,61
32,Ridge,offset,20,5579.780781527899,61
32,Ridge,offset,40,3233.503894266375,61
32,GBM,offset,0,44747.86884800098,61
32,GBM,offset,5,1464.121156952785,61
32,GBM,offset,10,1391.8126322603305,61
32,GBM,offset,20,1278.5694023823526,61
32,GBM,offset,40,1261.5660303889604,61
32,GBM,retrain_w20,5,13095.359463550916,61
32,GBM,retrain_w20,10,12271.572704192733,61
32,GBM,retrain_w20,20,8529.563805312026,61
32,GBM,retrain_w20,40,4445.092813917059,61
32,mean,baseline,0,21635.4230410764,61
3,Ridge,offset,0,4053.6560789188006,104
3,Ridge,offset,5,13687.419651646924,104
3,Ridge,offset,10,11993.00081633321,104
3,Ridge,offset,20,10014.666191497898,104
3,Ridge,offset,40,7912.8619080012695,104
3,GBM,offset,0,25295.354007208636,104
3,GBM,offset,5,3695.133285934363,104
3,GBM,offset,10,4315.439082225702,104
3,GBM,offset,20,4253.055651382701,104
3,GBM,offset,40,3253.268964882972,104
3,GBM,retrain_w20,5,23101.647521841267,104
3,GBM,retrain_w20,10,19157.107776074226,104
3,GBM,retrain_w20,20,18287.816146552585,104
3,GBM,retrain_w20,40,10387.48380095134,104
3,mean,baseline,0,5520.339703885933,104
18,Ridge,offset,0,46339.59438831496,86
18,Ridge,offset,5,593.3861777407421,86
18,Ridge,offset,10,662.988441241914,86
18,Ridge,offset,20,500.87471896648003,86
18,Ridge,offset,40,342.62851463202986,86
18,GBM,offset,0,18703.41871011175,86
18,GBM,offset,5,1372.3186749330196,86
18,GBM,offset,10,1158.843261711686,86
18,GBM,offset,20,875.2544666698903,86
18,GBM,offset,40,735.7325734199889,86
18,GBM,retrain_w20,5,17949.333374992515,86
18,GBM,retrain_w20,10,16278.54364164103,86
18,GBM,retrain_w20,20,16531.4243474101,86
18,GBM,retrain_w20,40,16075.405402091144,86
18,mean,baseline,0,40691.12369193138,86
28,Ridge,offset,0,5917.413726917838,94
28,Ridge,offset,5,9420.416457532616,94
28,Ridge,offset,10,9804.245822416877,94
28,Ridge,offset,20,9501.505581946882,94
28,Ridge,offset,40,8705.08357378394,94
28,GBM,offset,0,16750.784732227577,94
28,GBM,offset,5,28140.453535183646,94
28,GBM,offset,10,27088.263667703242,94
28,GBM,offset,20,25091.412682409205,94
28,GBM,offset,40,21225.546509462118,94
28,GBM,retrain_w20,5,3147.762226495144,94
28,GBM,retrain_w20,10,2018.4395624243011,94
28,GBM,retrain_w20,20,2939.3771330850345,94
28,GBM,retrain_w20,40,2601.9775392118486,94
28,mean,baseline,0,2969.3436385982814,94
41,Ridge,offset,0,37601.81667579504,125
41,Ridge,offset,5,4369.339437873643,125
41,Ridge,offset,10,3959.2368175725114,125
41,Ridge,offset,20,3162.095769036343,125
41,Ridge,offset,40,1836.0036734446733,125
41,GBM,offset,0,32998.8934367226,125
41,GBM,offset,5,2166.453322377163,125
41,GBM,offset,10,1318.0784825587577,125
41,GBM,offset,20,1102.1190914641024,125
41,GBM,offset,40,743.10807902089,125
41,GBM,retrain_w20,5,29395.289639322313,125
41,GBM,retrain_w20,10,15750.171138941501,125
41,GBM,retrain_w20,20,8868.636907809387,125
41,GBM,retrain_w20,40,5163.82422411722,125
41,mean,baseline,0,28292.337656255982,125
21,Ridge,offset,0,9178.205478665961,83
21,Ridge,offset,5,2087.5618325475343,83
21,Ridge,offset,10,1969.2117442599213,83
21,Ridge,offset,20,1630.4279734996012,83
21,Ridge,offset,40,1556.0808325912112,83
21,GBM,offset,0,24020.149745038776,83
21,GBM,offset,5,1831.7903447052424,83
21,GBM,offset,10,1844.4063416477431,83
21,GBM,offset,20,1727.4423362210578,83
21,GBM,offset,40,1477.9539299700705,83
21,GBM,retrain_w20,5,17945.88450826792,83
21,GBM,retrain_w20,10,14603.125149948652,83
21,GBM,retrain_w20,20,9050.756074164034,83
21,GBM,retrain_w20,40,5630.900564952134,83
21,mean,baseline,0,15865.069503928877,83
33,Ridge,offset,0,1147.4541033916419,95
33,Ridge,offset,5,484.29619792562835,95
33,Ridge,offset,10,446.8390083822226,95
33,Ridge,offset,20,390.83132344007504,95
33,Ridge,offset,40,398.00413151545627,95
33,GBM,offset,0,1912.0644205504025,95
33,GBM,offset,5,368.16019940762766,95
33,GBM,offset,10,333.3336544370502,95
33,GBM,offset,20,316.71224720640976,95
33,GBM,offset,40,317.76780071888953,95
33,GBM,retrain_w20,5,470.12825623180737,95
33,GBM,retrain_w20,10,233.54147281609752,95
33,GBM,retrain_w20,20,262.448694261755,95
33,GBM,retrain_w20,40,147.10830935824157,95
33,mean,baseline,0,1407.8334267609523,95
35,Ridge,offset,0,91512.35201391518,125
35,Ridge,offset,5,1666.9696046913473,125
35,Ridge,offset,10,1214.3151588229816,125
35,Ridge,offset,20,960.420589342638,125
35,Ridge,offset,40,1170.0985151865361,125
35,GBM,offset,0,92921.554802025,125
35,GBM,offset,5,540.8817776899858,125
35,GBM,offset,10,598.8463722592381,125
35,GBM,offset,20,808.3331424084269,125
35,GBM,offset,40,818.2975156222739,125
35,GBM,retrain_w20,5,72010.93176514379,125
35,GBM,retrain_w20,10,46342.80345630731,125
35,GBM,retrain_w20,20,2204.878296724084,125
35,GBM,retrain_w20,40,558.019597966041,125
35,mean,baseline,0,88428.16090526704,125
39,Ridge,offset,0,19335.649912218494,103
39,Ridge,offset,5,5817.500488396334,103
39,Ridge,offset,10,6076.356233827844,103
39,Ridge,offset,20,5587.705706347156,103
39,Ridge,offset,40,4293.888781749004,103
39,GBM,offset,0,27749.31827583887,103
39,GBM,offset,5,4726.070650442963,103
39,GBM,offset,10,3738.5180640667863,103
39,GBM,offset,20,3682.4174374366153,103
39,GBM,offset,40,2888.3918344436734,103
39,GBM,retrain_w20,5,19686.66528629205,103
39,GBM,retrain_w20,10,18167.481912897907,103
39,GBM,retrain_w20,20,11733.037716644125,103
39,GBM,retrain_w20,40,7459.533921026906,103
39,mean,baseline,0,21084.310667193025,103
11,Ridge,offset,0,2192.0978626325386,98
11,Ridge,offset,5,707.4597894044366,98
11,Ridge,offset,10,726.014115198252,98
11,Ridge,offset,20,731.9790884680199,98
11,Ridge,offset,40,697.5804375891204,98
11,GBM,offset,0,13470.318908526817,98
11,GBM,offset,5,1730.883135841046,98
11,GBM,offset,10,1723.6572464454778,98
11,GBM,offset,20,1721.1035130448922,98
11,GBM,offset,40,1716.5968192738767,98
11,GBM,retrain_w20,5,9350.784379773777,98
11,GBM,retrain_w20,10,5754.107465579581,98
11,GBM,retrain_w20,20,3357.7587480982925,98
11,GBM,retrain_w20,40,2734.3519552969665,98
11,mean,baseline,0,3377.11931748031,98
12,Ridge,offset,0,5609.332347176738,67
12,Ridge,offset,5,6493.504930829238,67
12,Ridge,offset,10,5271.2369303474225,67
12,Ridge,offset,20,4682.8869152356,67
12,Ridge,offset,40,2673.55495926048,67
12,GBM,offset,0,9058.635866678602,67
12,GBM,offset,5,9335.169803351762,67
12,GBM,offset,10,8532.9346960374,67
12,GBM,offset,20,7461.407894977725,67
12,GBM,offset,40,5049.008889696454,67
12,GBM,retrain_w20,5,8502.834745785567,67
12,GBM,retrain_w20,10,6988.4487731721065,67
12,GBM,retrain_w20,20,6506.857240603453,67
12,GBM,retrain_w20,40,4057.3511478837836,67
12,mean,baseline,0,3103.9508498036844,67
22,Ridge,offset,0,12630.62443926412,72
22,Ridge,offset,5,1632.1920592335,72
22,Ridge,offset,10,1593.6630897224732,72
22,Ridge,offset,20,1249.8405767474123,72
22,Ridge,offset,40,882.0292529112339,72
22,GBM,offset,0,15939.147187659433,72
22,GBM,offset,5,1641.6817091569092,72
22,GBM,offset,10,1918.521634822192,72
22,GBM,offset,20,2973.673141717607,72
22,GBM,offset,40,2959.5741917920195,72
22,GBM,retrain_w20,5,14595.848835589939,72
22,GBM,retrain_w20,10,14033.813644423208,72
22,GBM,retrain_w20,20,12090.748855572716,72
22,GBM,retrain_w20,40,10719.5879630041,72
22,mean,baseline,0,24722.875397730917,72
25,Ridge,offset,0,28795.901776050516,104
25,Ridge,offset,5,2193.332250838126,104
25,Ridge,offset,10,1735.391922578318,104
25,Ridge,offset,20,1616.0089160565944,104
25,Ridge,offset,40,1407.8376249281896,104
25,GBM,offset,0,13345.213898197542,104
25,GBM,offset,5,3394.128788678452,104
25,GBM,offset,10,2464.334862630428,104
25,GBM,offset,20,3015.14561864758,104
25,GBM,offset,40,2569.120378061346,104
25,GBM,retrain_w20,5,19312.95635001617,104
25,GBM,retrain_w20,10,16069.775792751509,104
25,GBM,retrain_w20,20,15350.898533393694,104
25,GBM,retrain_w20,40,10120.112727646714,104
25,mean,baseline,0,45519.40108967304,104
34,Ridge,offset,0,4397.3254652998185,121
34,Ridge,offset,5,1465.741191411229,121
34,Ridge,offset,10,1741.0527692662577,121
34,Ridge,offset,20,1875.3582970657806,121
34,Ridge,offset,40,1422.0205289605358,121
34,GBM,offset,0,13827.378108689658,121
34,GBM,offset,5,622.9389803926747,121
34,GBM,offset,10,1030.8370273664802,121
34,GBM,offset,20,1036.3179312145494,121
34,GBM,offset,40,1070.4362051253208,121
34,GBM,retrain_w20,5,11203.029709415972,121
34,GBM,retrain_w20,10,9440.908089879777,121
34,GBM,retrain_w20,20,4005.019460127914,121
34,GBM,retrain_w20,40,642.2690849890646,121
34,mean,baseline,0,1303.0791480523555,121
4,Ridge,offset,0,9839.696257446401,97
4,Ridge,offset,5,15300.000412575508,97
4,Ridge,offset,10,8525.485680334303,97
4,Ridge,offset,20,7791.820665720947,97
4,Ridge,offset,40,5138.704956196569,97
4,GBM,offset,0,29639.99587372859,97
4,GBM,offset,5,14588.500297414697,97
4,GBM,offset,10,13617.567531615312,97
4,GBM,offset,20,12479.217838238814,97
4,GBM,offset,40,9738.698708704806,97
4,GBM,retrain_w20,5,14153.92669643261,97
4,GBM,retrain_w20,10,10047.482870419732,97
4,GBM,retrain_w20,20,4064.4708020117528,97
4,GBM,retrain_w20,40,349.1366897544608,97
4,mean,baseline,0,1678.428558415874,97
7,Ridge,offset,0,23060.165736377465,121
7,Ridge,offset,5,975.3078108856968,121
7,Ridge,offset,10,936.8156974056151,121
7,Ridge,offset,20,1096.7483999395854,121
7,Ridge,offset,40,1271.6902028795619,121
7,GBM,offset,0,46753.34332451739,121
7,GBM,offset,5,2318.236371013791,121
7,GBM,offset,10,2007.4442688273346,121
7,GBM,offset,20,2140.5409048529837,121
7,GBM,offset,40,2239.195771881587,121
7,GBM,retrain_w20,5,38747.63700153511,121
7,GBM,retrain_w20,10,32416.78922188172,121
7,GBM,retrain_w20,20,24221.766741697196,121
7,GBM,retrain_w20,40,17707.029415998855,121
7,mean,baseline,0,5846.9280914320225,121
17,Ridge,offset,0,6984.890433624568,104
17,Ridge,offset,5,8218.024506286914,104
17,Ridge,offset,10,7120.809373113008,104
17,Ridge,offset,20,6305.168412574012,104
17,Ridge,offset,40,4399.1421121270505,104
17,GBM,offset,0,4601.97939409793,104
17,GBM,offset,5,6724.952677416434,104
17,GBM,offset,10,5810.368793869185,104
17,GBM,offset,20,5042.604637292376,104
17,GBM,offset,40,4096.832597757689,104
17,GBM,retrain_w20,5,6031.216558794775,104
17,GBM,retrain_w20,10,5526.748848793766,104
17,GBM,retrain_w20,20,5292.473215375125,104
17,GBM,retrain_w20,40,4155.521850579233,104
17,mean,baseline,0,3444.0254163716754,104
27,Ridge,offset,0,2530.647626575473,89
27,Ridge,offset,5,627.4479635678354,89
27,Ridge,offset,10,597.9393214813323,89
27,Ridge,offset,20,663.7708692386927,89
27,Ridge,offset,40,640.3382326235461,89
27,GBM,offset,0,5519.802920244359,89
27,GBM,offset,5,1146.4859461000033,89
27,GBM,offset,10,1030.8764155282088,89
27,GBM,offset,20,1136.4234150245036,89
27,GBM,offset,40,1134.04723059168,89
27,GBM,retrain_w20,5,1922.0547223561089,89
27,GBM,retrain_w20,10,2087.0497385412236,89
27,GBM,retrain_w20,20,922.7518807773625,89
27,GBM,retrain_w20,40,616.4156147841345,89
27,mean,baseline,0,15063.39607783122,89
1,Ridge,offset,0,12844.150458123624,109
1,Ridge,offset,5,5375.08379532239,109
1,Ridge,offset,10,4630.31874503636,109
1,Ridge,offset,20,4795.925183397607,109
1,Ridge,offset,40,4186.370698420649,109
1,GBM,offset,0,35558.11741336882,109
1,GBM,offset,5,3496.700140012109,109
1,GBM,offset,10,5133.87958416816,109
1,GBM,offset,20,4763.284126312017,109
1,GBM,offset,40,3830.677459484657,109
1,GBM,retrain_w20,5,29704.57238677065,109
1,GBM,retrain_w20,10,25153.832327646156,109
1,GBM,retrain_w20,20,25237.785980821835,109
1,GBM,retrain_w20,40,17835.513683035595,109
1,mean,baseline,0,20407.59309659762,109
14,Ridge,offset,0,2392.489214162596,96
14,Ridge,offset,5,8172.263766054514,96
14,Ridge,offset,10,7998.081139965958,96
14,Ridge,offset,20,9415.562602095342,96
14,Ridge,offset,40,6628.791171828378,96
14,GBM,offset,0,1706.2885507419637,96
14,GBM,offset,5,3656.842796219565,96
14,GBM,offset,10,3554.3393075282693,96
14,GBM,offset,20,3945.2858561657167,96
14,GBM,offset,40,3219.8755309737053,96
14,GBM,retrain_w20,5,2328.397767472079,96
14,GBM,retrain_w20,10,1802.3245172041677,96
14,GBM,retrain_w20,20,1818.4051282630166,96
14,GBM,retrain_w20,40,2368.5041830166388,96
14,mean,baseline,0,8625.399643972272,96
24,Ridge,offset,0,18304.511823699322,116
24,Ridge,offset,5,813.6578532251897,116
24,Ridge,offset,10,700.5601950072273,116
24,Ridge,offset,20,513.2892674379303,116
24,Ridge,offset,40,421.60252728448785,116
24,GBM,offset,0,14942.28992754392,116
24,GBM,offset,5,1839.2228437059089,116
24,GBM,offset,10,1311.3878252560519,116
24,GBM,offset,20,1044.8415313616538,116
24,GBM,offset,40,804.3175516452973,116
24,GBM,retrain_w20,5,7948.356731224894,116
24,GBM,retrain_w20,10,5306.757683062772,116
24,GBM,retrain_w20,20,2022.5496396415838,116
24,GBM,retrain_w20,40,1337.2510973616493,116
24,mean,baseline,0,12265.5000254072,116
26,Ridge,offset,0,4040.077864420514,90
26,Ridge,offset,5,1770.3878150321282,90
26,Ridge,offset,10,1697.573653822268,90
26,Ridge,offset,20,1776.0913101852088,90
26,Ridge,offset,40,2150.378900465366,90
26,GBM,offset,0,1093.8721003199564,90
26,GBM,offset,5,5366.317978431494,90
26,GBM,offset,10,4889.419422068078,90
26,GBM,offset,20,4208.207111664446,90
26,GBM,offset,40,2770.3756658432717,90
26,GBM,retrain_w20,5,549.828438797678,90
26,GBM,retrain_w20,10,1040.0369932136132,90
26,GBM,retrain_w20,20,959.9692236665592,90
26,GBM,retrain_w20,40,826.7377188049979,90
26,mean,baseline,0,1206.516662415428,90
6,Ridge,offset,0,19434.79591973765,116
6,Ridge,offset,5,996.3889206584322,116
6,Ridge,offset,10,1074.0672739381826,116
6,Ridge,offset,20,2124.6738728680557,116
6,Ridge,offset,40,1765.68887610589,116
6,GBM,offset,0,38538.786599158135,116
6,GBM,offset,5,1594.91135189199,116
6,GBM,offset,10,1511.0382553080003,116
6,GBM,offset,20,1818.0565431285936,116
6,GBM,offset,40,1381.307068425299,116
6,GBM,retrain_w20,5,23058.10564266589,116
6,GBM,retrain_w20,10,12498.715703361264,116
6,GBM,retrain_w20,20,9230.56802242084,116
6,GBM,retrain_w20,40,2535.292017807815,116
6,mean,baseline,0,19518.910744176646,116
10,Ridge,offset,0,8739.02794003123,108
10,Ridge,offset,5,522.7076759479208,108
10,Ridge,offset,10,749.2903033745557,108
10,Ridge,offset,20,759.1435985159973,108
10,Ridge,offset,40,667.4161077052952,108
10,GBM,offset,0,5078.99465371077,108
10,GBM,offset,5,2341.754760870476,108
10,GBM,offset,10,3270.2389538022762,108
10,GBM,offset,20,2428.8233401976345,108
10,GBM,offset,40,2015.029782040953,108
10,GBM,retrain_w20,5,4380.185205170653,108
10,GBM,retrain_w20,10,4011.2371468758306,108
10,GBM,retrain_w20,20,2301.8880548441966,108
10,GBM,retrain_w20,40,1758.6490391122604,108
10,mean,baseline,0,9018.163333778124,108
16,Ridge,offset,0,11302.566133129978,98
16,Ridge,offset,5,644.3669284577122,98
16,Ridge,offset,10,712.1326850627581,98
16,Ridge,offset,20,1042.4674217390182,98
16,Ridge,offset,40,1147.5478806781903,98
16,GBM,offset,0,5121.873083357859,98
16,GBM,offset,5,744.0620162993113,98
16,GBM,offset,10,783.5081705367486,98
16,GBM,offset,20,860.9599693537136,98
16,GBM,offset,40,843.4228772422936,98
16,GBM,retrain_w20,5,1816.6864642022965,98
16,GBM,retrain_w20,10,1730.6793846105104,98
16,GBM,retrain_w20,20,1373.3854497688733,98
16,GBM,retrain_w20,40,1128.4594447800948,98
16,mean,baseline,0,9434.314523361769,98
19,Ridge,offset,0,431.7445105568604,89
19,Ridge,offset,5,291.3211298575615,89
19,Ridge,offset,10,302.7149878442573,89
19,Ridge,offset,20,296.95415295634746,89
19,Ridge,offset,40,328.3391491668527,89
19,GBM,offset,0,636.9432757760454,89
19,GBM,offset,5,1910.3914146801944,89
19,GBM,offset,10,554.3362927227668,89
19,GBM,offset,20,481.75141942580643,89
19,GBM,offset,40,470.20009678115343,89
19,GBM,retrain_w20,5,687.4334083926594,89
19,GBM,retrain_w20,10,223.2145670068826,89
19,GBM,retrain_w20,20,173.11855587503555,89
19,GBM,retrain_w20,40,91.80541138331931,89
19,mean,baseline,0,672.4830229124248,89
2,Ridge,offset,0,9163.23758354242,105
2,Ridge,offset,5,1336.2239531609414,105
2,Ridge,offset,10,1243.8245219548512,105
2,Ridge,offset,20,1308.2338968158015,105
2,Ridge,offset,40,1498.9379808197075,105
2,GBM,offset,0,3674.4613860694567,105
2,GBM,offset,5,1119.1191296286117,105
2,GBM,offset,10,1043.9806731240215,105
2,GBM,offset,20,741.3833428006953,105
2,GBM,offset,40,532.9532984809274,105
2,GBM,retrain_w20,5,1894.4879849601748,105
2,GBM,retrain_w20,10,1603.8219209901915,105
2,GBM,retrain_w20,20,1845.9360849740003,105
2,GBM,retrain_w20,40,1575.7931291174239,105
2,mean,baseline,0,14694.250674006935,105
5,Ridge,offset,0,9970.117864094427,116
5,Ridge,offset,5,716.4946256263739,116
5,Ridge,offset,10,623.7363265032735,116
5,Ridge,offset,20,692.1789856452747,116
5,Ridge,offset,40,675.9342113031277,116
5,GBM,offset,0,18233.90002804314,116
5,GBM,offset,5,156.9077931560193,116
5,GBM,offset,10,177.49345565070973,116
5,GBM,offset,20,180.16561897261988,116
5,GBM,offset,40,189.52957856878945,116
5,GBM,retrain_w20,5,6340.1265102164,116
5,GBM,retrain_w20,10,3867.2729483219377,116
5,GBM,retrain_w20,20,2181.902120389311,116
5,GBM,retrain_w20,40,1415.434440297537,116
5,mean,baseline,0,22630.74058652852,116
36,Ridge,offset,0,25305.759863421423,89
36,Ridge,offset,5,11894.017295629135,89
36,Ridge,offset,10,12987.63137943614,89
36,Ridge,offset,20,12533.97720665567,89
36,Ridge,offset,40,11611.564555717061,89
36,GBM,offset,0,6678.083902943932,89
36,GBM,offset,5,582.9345258449574,89
36,GBM,offset,10,682.2361502032014,89
36,GBM,offset,20,764.9470073722109,89
36,GBM,offset,40,712.7339901785186,89
36,GBM,retrain_w20,5,3729.2701434442724,89
36,GBM,retrain_w20,10,2708.841776156885,89
36,GBM,retrain_w20,20,1544.3467050805643,89
36,GBM,retrain_w20,40,620.5284291296397,89
36,mean,baseline,0,815.9549867263378,89
37,Ridge,offset,0,47404.50992127514,100
37,Ridge,offset,5,26062.154449289632,100
37,Ridge,offset,10,28824.06890754956,100
37,Ridge,offset,20,23087.696622914966,100
37,Ridge,offset,40,12232.871372051135,100
37,GBM,offset,0,102996.38924069688,100
37,GBM,offset,5,8478.543731565323,100
37,GBM,offset,10,9110.588756121266,100
37,GBM,offset,20,7185.392623916878,100
37,GBM,offset,40,5487.985706319907,100
37,GBM,retrain_w20,5,55060.776226450645,100
37,GBM,retrain_w20,10,48767.85417145246,100
37,GBM,retrain_w20,20,27608.377573526483,100
37,GBM,retrain_w20,40,10080.307119167119,100
37,mean,baseline,0,24689.166236255795,100
9,Ridge,offset,0,4324.273502987839,112
9,Ridge,offset,5,414.305478694311,112
9,Ridge,offset,10,366.0374712917826,112
9,Ridge,offset,20,374.3864368725178,112
9,Ridge,offset,40,368.37121777480377,112
9,GBM,offset,0,37627.08197869548,112
9,GBM,offset,5,1763.3490608408924,112
9,GBM,offset,10,2241.029018234484,112
9,GBM,offset,20,1917.411004176574,112
9,GBM,offset,40,1909.2404962255646,112
9,GBM,retrain_w20,5,16858.814123542983,112
9,GBM,retrain_w20,10,17404.355738799288,112
9,GBM,retrain_w20,20,11813.857271617166,112
9,GBM,retrain_w20,40,4395.798831274228,112
9,mean,baseline,0,1586.8186557992326,112
23,Ridge,offset,0,1550.4032446818114,98
23,Ridge,offset,5,2560.555299571618,98
23,Ridge,offset,10,2398.0253233037206,98
23,Ridge,offset,20,2240.3944594220306,98
23,Ridge,offset,40,2031.3695946125579,98
23,GBM,offset,0,119.52212026429501,98
23,GBM,offset,5,2360.784836760991,98
23,GBM,offset,10,1871.0784107848915,98
23,GBM,offset,20,1733.9894949147188,98
23,GBM,offset,40,1297.1582637547274,98
23,GBM,retrain_w20,5,654.4859589166095,98
23,GBM,retrain_w20,10,818.0423397655114,98
23,GBM,retrain_w20,20,922.3717197117207,98
23,GBM,retrain_w20,40,628.8114798994799,98
23,mean,baseline,0,715.8865420993513,98
31,Ridge,offset,0,5409.89107713386,90
31,Ridge,offset,5,2693.7186423147236,90
31,Ridge,offset,10,2715.2093162476885,90
31,Ridge,offset,20,2608.1985792568485,90
31,Ridge,offset,40,3011.260145155382,90
31,GBM,offset,0,37858.02154370521,90
31,GBM,offset,5,2545.9101263642056,90
31,GBM,offset,10,2674.317472645158,90
31,GBM,offset,20,2672.0468060809926,90
31,GBM,offset,40,3062.8682961915615,90
31,GBM,retrain_w20,5,10387.37927979671,90
31,GBM,retrain_w20,10,7929.873316044446,90
31,GBM,retrain_w20,20,6180.348114913161,90
31,GBM,retrain_w20,40,5679.986824420991,90
31,mean,baseline,0,1494.247932148899,90
38,Ridge,offset,0,4307.847687801348,109
38,Ridge,offset,5,697.4802344827511,109
38,Ridge,offset,10,961.4663746646115,109
38,Ridge,offset,20,1054.473046567501,109
38,Ridge,offset,40,889.9063731393047,109
38,GBM,offset,0,568.9959065892394,109
38,GBM,offset,5,443.3373685306533,109
38,GBM,offset,10,403.9294567828848,109
38,GBM,offset,20,334.02536040593196,109
38,GBM,offset,40,295.5697980372188,109
38,GBM,retrain_w20,5,529.9260541324632,109
38,GBM,retrain_w20,10,1144.6192362434228,109
38,GBM,retrain_w20,20,328.2451497356181,109
38,GBM,retrain_w20,40,443.3549503492332,109
38,mean,baseline,0,396.51884394754757,109
8,Ridge,offset,0,9716.45029385435,110
8,Ridge,offset,5,2508.5224842527814,110
8,Ridge,offset,10,2440.6340764289716,110
8,Ridge,offset,20,2464.0921359901927,110
8,Ridge,offset,40,2415.735582346639,110
8,GBM,offset,0,4463.337614564545,110
8,GBM,offset,5,682.3957111641586,110
8,GBM,offset,10,695.2322351435131,110
8,GBM,offset,20,680.0055615163201,110
8,GBM,offset,40,676.7129001951952,110
8,GBM,retrain_w20,5,4593.910273112559,110
8,GBM,retrain_w20,10,5226.663257130295,110
8,GBM,retrain_w20,20,4207.316627022771,110
8,GBM,retrain_w20,40,3006.74894792594,110
8,mean,baseline,0,886.7944848671494,110
30,Ridge,offset,0,25361.224055743492,86
30,Ridge,offset,5,17567.431355435212,86
30,Ridge,offset,10,15750.117136366569,86
30,Ridge,offset,20,14464.154232752875,86
30,Ridge,offset,40,5757.258148868827,86
30,GBM,offset,0,1655.0642497227154,86
30,GBM,offset,5,18362.09503658455,86
30,GBM,offset,10,19424.278761717876,86
30,GBM,offset,20,14879.187744510784,86
30,GBM,offset,40,9555.005939324314,86
30,GBM,retrain_w20,5,1664.5099367442217,86
30,GBM,retrain_w20,10,1072.5505041534723,86
30,GBM,retrain_w20,20,822.7179446357491,86
30,GBM,retrain_w20,40,481.2449853003171,86
30,mean,baseline,0,3353.0632100514267,86
40,Ridge,offset,0,27169.54724773095,102
40,Ridge,offset,5,1619.5179388745362,102
40,Ridge,offset,10,1295.7672997484149,102
40,Ridge,offset,20,1844.6461385667626,102
40,Ridge,offset,40,1808.479506762234,102
40,GBM,offset,0,3020.808460170239,102
40,GBM,offset,5,4535.879569570839,102
40,GBM,offset,10,3555.3828237818993,102
40,GBM,offset,20,2970.084059808574,102
40,GBM,offset,40,1845.444387330692,102
40,GBM,retrain_w20,5,1366.8326998809557,102
40,GBM,retrain_w20,10,1443.7510331120538,102
40,GBM,retrain_w20,20,1260.766036716037,102
40,GBM,retrain_w20,40,1012.9994021020475,102
40,mean,baseline,0,1383.0728980740944,102
42,Ridge,offset,0,5013.030186702473,110
42,Ridge,offset,5,1603.7499245757379,110
42,Ridge,offset,10,1859.9548575246693,110
42,Ridge,offset,20,1721.595337890815,110
42,Ridge,offset,40,1133.5330416359554,110
42,GBM,offset,0,10700.834058867122,110
42,GBM,offset,5,5655.665492729328,110
42,GBM,offset,10,5583.204899329739,110
42,GBM,offset,20,2638.317513813666,110
42,GBM,offset,40,1123.3982633951832,110
42,GBM,retrain_w20,5,6958.44878351921,110
42,GBM,retrain_w20,10,7022.452484423017,110
42,GBM,retrain_w20,20,5481.003725364933,110
42,GBM,retrain_w20,40,2391.624875211684,110
42,mean,baseline,0,3505.1055853940775,110
