dataset,K,seed,model,protocol,rmse
ENB2012,3,0,Ridge,random,3.0028400273620135
ENB2012,3,0,Ridge,grouped,4.840728678754242
ENB2012,3,0,GBM,random,0.42664106250153133
ENB2012,3,0,GBM,grouped,7.94331622301692
ENB2012,3,1,Ridge,random,3.000630312878471
ENB2012,3,1,Ridge,grouped,3.3502379036140884
ENB2012,3,1,GBM,random,0.4173058869660597
ENB2012,3,1,GBM,grouped,3.4182408678340264
ENB2012,3,2,Ridge,random,3.015049365036975
ENB2012,3,2,Ridge,grouped,3.491673799895012
ENB2012,3,2,GBM,random,0.44179474015621695
ENB2012,3,2,GBM,grouped,8.601581845877108
ENB2012,4,0,Ridge,random,2.9963863596569498
ENB2012,4,0,Ridge,grouped,3.7125618016174746
ENB2012,4,0,GBM,random,0.419147858663419
ENB2012,4,0,GBM,grouped,3.3239059156507538
ENB2012,4,1,Ridge,random,2.9911324668305808
ENB2012,4,1,Ridge,grouped,4.249242294437313
ENB2012,4,1,GBM,random,0.425591045889127
ENB2012,4,1,GBM,grouped,6.314199346353027
ENB2012,4,2,Ridge,random,3.0120569910234476
ENB2012,4,2,Ridge,grouped,4.712657892735051
ENB2012,4,2,GBM,random,0.42849216677830193
ENB2012,4,2,GBM,grouped,5.940945008636008
ENB2012,6,0,Ridge,random,2.992015754198686
ENB2012,6,0,Ridge,grouped,4.88202280375334
ENB2012,6,0,GBM,random,0.4105553749538314
ENB2012,6,0,GBM,grouped,7.880613794504803
ENB2012,6,1,Ridge,random,3.0004804831901533
ENB2012,6,1,Ridge,grouped,4.686472527263072
ENB2012,6,1,GBM,random,0.4118670520209477
ENB2012,6,1,GBM,grouped,5.41588260292649
ENB2012,6,2,Ridge,random,2.9975317932270173
ENB2012,6,2,Ridge,grouped,3.391895071126494
ENB2012,6,2,GBM,random,0.4254581879635746
ENB2012,6,2,GBM,grouped,4.418844392111977
ENB2012,12,0,Ridge,random,2.9828566543523607
ENB2012,12,0,Ridge,grouped,4.08608191177119
ENB2012,12,0,GBM,random,0.4063484014170684
ENB2012,12,0,GBM,grouped,5.532864079293472
ENB2012,12,1,Ridge,random,2.9907357113824786
ENB2012,12,1,Ridge,grouped,4.086081911771189
ENB2012,12,1,GBM,random,0.4114728249403074
ENB2012,12,1,GBM,grouped,5.532864079293472
ENB2012,12,2,Ridge,random,2.9934319926267228
ENB2012,12,2,Ridge,grouped,4.08608191177119
ENB2012,12,2,GBM,random,0.4141862513496246
ENB2012,12,2,GBM,grouped,5.532864079293472
Concrete,5,0,Ridge,random,10.495924559855107
Concrete,5,0,Ridge,grouped,10.48758213840474
Concrete,5,0,GBM,random,4.648529076177014
Concrete,5,0,GBM,grouped,5.994191993488752
Concrete,5,1,Ridge,random,10.460397513393888
Concrete,5,1,Ridge,grouped,10.53947687099031
Concrete,5,1,GBM,random,4.674348548212098
Concrete,5,1,GBM,grouped,6.00414989863522
Concrete,5,2,Ridge,random,10.484024875280118
Concrete,5,2,Ridge,grouped,10.558410781020786
Concrete,5,2,GBM,random,4.901878913929811
Concrete,5,2,GBM,grouped,6.182674144337478
Concrete,10,0,Ridge,random,10.465263730220599
Concrete,10,0,Ridge,grouped,10.512530649832268
Concrete,10,0,GBM,random,4.608702037946588
Concrete,10,0,GBM,grouped,5.798420169320185
Concrete,10,1,Ridge,random,10.44352151204181
Concrete,10,1,Ridge,grouped,10.501453825814032
Concrete,10,1,GBM,random,4.56893980890062
Concrete,10,1,GBM,grouped,5.708591791074879
Concrete,10,2,Ridge,random,10.466035016495855
Concrete,10,2,Ridge,grouped,10.611981444250143
Concrete,10,2,GBM,random,4.715585906557039
Concrete,10,2,GBM,grouped,5.953718634433878
Concrete,20,0,Ridge,random,10.477068903150847
Concrete,20,0,Ridge,grouped,10.522611606433719
Concrete,20,0,GBM,random,4.547171918448592
Concrete,20,0,GBM,grouped,5.892990345874068
Concrete,20,1,Ridge,random,10.476221794941301
Concrete,20,1,Ridge,grouped,10.539597757095382
Concrete,20,1,GBM,random,4.52544638459227
Concrete,20,1,GBM,grouped,5.984803916758124
Concrete,20,2,Ridge,random,10.479005558413352
Concrete,20,2,Ridge,grouped,10.535208534699843
Concrete,20,2,GBM,random,4.753575406252307
Concrete,20,2,GBM,grouped,5.9418533739874
Parkinson,5,0,Ridge,random,9.740728798172833
Parkinson,5,0,Ridge,grouped,11.090739149682864
Parkinson,5,0,GBM,random,3.9149749866587973
Parkinson,5,0,GBM,grouped,12.72603592607927
Parkinson,5,1,Ridge,random,9.731823254489681
Parkinson,5,1,Ridge,grouped,11.570471290261382
Parkinson,5,1,GBM,random,3.9426662535037447
Parkinson,5,1,GBM,grouped,12.621657119481075
Parkinson,5,2,Ridge,random,9.745992853699269
Parkinson,5,2,Ridge,grouped,11.277269206001234
Parkinson,5,2,GBM,random,3.8804070202213543
Parkinson,5,2,GBM,grouped,13.778373636972526
Parkinson,10,0,Ridge,random,9.738368745546303
Parkinson,10,0,Ridge,grouped,11.10782234085592
Parkinson,10,0,GBM,random,3.8909996327483674
Parkinson,10,0,GBM,grouped,12.998215339186395
Parkinson,10,1,Ridge,random,9.737200918140468
Parkinson,10,1,Ridge,grouped,11.724774961845137
Parkinson,10,1,GBM,random,3.8891262910952533
Parkinson,10,1,GBM,grouped,13.269762952825534
Parkinson,10,2,Ridge,random,9.742694227374777
Parkinson,10,2,Ridge,grouped,11.449611412947556
Parkinson,10,2,GBM,random,3.8775456468805554
Parkinson,10,2,GBM,grouped,13.403462555583346
Parkinson,20,0,Ridge,random,9.738750600531446
Parkinson,20,0,Ridge,grouped,11.466992617459026
Parkinson,20,0,GBM,random,3.8924701924737035
Parkinson,20,0,GBM,grouped,13.496442691478087
Parkinson,20,1,Ridge,random,9.737118759699642
Parkinson,20,1,Ridge,grouped,11.365833923946344
Parkinson,20,1,GBM,random,3.868332315444126
Parkinson,20,1,GBM,grouped,13.498099511495637
Parkinson,20,2,Ridge,random,9.739695590176032
Parkinson,20,2,Ridge,grouped,11.420642134242513
Parkinson,20,2,GBM,random,3.877768088271529
Parkinson,20,2,GBM,grouped,13.418711686224974
