icc,m,rep,ridge_rand,ridge_grp,gbm_rand,gbm_grp,rho_gbm,rho_ridge,rho_theory,rho_theory_max
0.05,2,0,1.048346719554802,1.0397162801196655,1.3028286677947414,1.1197280109030134,0.8594591434638471,0.9917675714778776,1.0021705077989855,1.0259783520851542
0.05,2,1,1.0327886378574995,1.04333170906852,1.3439280798177649,1.2536193045279478,0.9328023748844784,1.0102083532143535,1.0021705077989855,1.0259783520851542
0.05,2,2,1.1831653098272594,1.1530544462109604,1.527276328078786,1.4543627625269018,0.9522590874936138,0.9745505861554585,1.0021705077989855,1.0259783520851542
0.05,5,0,0.9606070184738531,0.9563100583673918,1.0632550452724647,1.1376622814263533,1.0699806095298812,0.9955268283243568,1.0048218870549241,1.0259783520851542
0.05,5,1,1.0184142122864135,1.023397735926386,1.1190710757979307,1.1966934939881602,1.0693632601797722,1.0048934152527036,1.0048218870549241,1.0259783520851542
0.05,5,2,1.0680188083246316,1.0604719561478675,1.2049227373888824,1.2429445668827674,1.03155540875283,0.9929337834521823,1.0048218870549241,1.0259783520851542
0.05,20,0,1.01717863483168,1.0237943163167844,1.0330996806344748,1.0938046264438863,1.0587600083005833,1.0065039524608175,1.0123886348248077,1.0259783520851542
0.05,20,1,0.9871585850793249,0.9931054267711564,1.0200871711683113,1.0959529609438654,1.0743718693066835,1.0060242009558715,1.0123886348248077,1.0259783520851542
0.05,20,2,1.0578946168834433,1.0601206838566746,1.059166629427734,1.112425750916275,1.0502839874376677,1.002104242651115,1.0123886348248077,1.0259783520851542
0.05,64,0,1.0322067481880046,1.035609015457778,1.0123571749284828,1.083580926141031,1.0703543699560185,1.0032961102761107,1.0193462311758845,1.0259783520851542
0.05,64,1,1.0123122199188814,1.012981276198808,1.009066935695394,1.041816881668092,1.0324556724773946,1.000660918901068,1.0193462311758845,1.0259783520851542
0.05,64,2,1.0087445060101423,1.0120442936134686,1.009506476792057,1.0650036917038261,1.0549746001512785,1.0032711827263157,1.0193462311758845,1.0259783520851542
0.2,2,0,1.0761648961139767,1.1204768254070303,1.2485806302257418,1.398238048044299,1.1198620370968748,1.0411757802666335,1.0325582165612917,1.118033988749895
0.2,2,1,1.0023359315595826,0.9983066334179893,1.147566403405749,1.2086083122686084,1.0531924851422099,0.9959800920881646,1.0325582165612917,1.118033988749895
0.2,2,2,1.0670059930318445,1.092111080084977,1.1577499372527842,1.239122694791868,1.0702852618866667,1.0235285342510565,1.0325582165612917,1.118033988749895
0.2,5,0,1.112314337776604,1.1257422113790911,1.2361965441560523,1.2818851156795963,1.0369589866106084,1.0120720134106407,1.057554278811059,1.118033988749895
0.2,5,1,1.041830304752792,1.055053820357329,1.132531309772618,1.3139565666407662,1.1601944734795664,1.0126925810702683,1.057554278811059,1.118033988749895
0.2,5,2,0.9851870481089836,0.9928774560682144,1.0944035712601219,1.1530178961018047,1.0535582360848776,1.0078060384309682,1.057554278811059,1.118033988749895
0.2,20,0,0.9994645764425242,1.0164121429266126,0.9831887039382862,1.139814440217199,1.1593038403019977,1.0169566454715298,1.0934588121703732,1.118033988749895
0.2,20,1,1.0152758380368452,1.0380092368780256,0.9817473029724659,1.0974403952409424,1.1178440642700918,1.0223913521719754,1.0934588121703732,1.118033988749895
0.2,20,2,1.0206679301219783,1.0325389750863856,0.9661349138215459,1.0758478699189695,1.1135586288497266,1.0116306632295076,1.0934588121703732,1.118033988749895
0.2,64,0,1.020460191330842,1.037618232881196,0.9239553370941104,1.102891419897489,1.1936631302614067,1.016814023414257,1.1090680542156957,1.118033988749895
0.2,64,1,1.0593197221907171,1.087231013591959,0.9218936366935621,1.1897743883046101,1.2905766359032715,1.0263483165814378,1.1090680542156957,1.118033988749895
0.2,64,2,1.0435296599274517,1.0578329581971344,0.9189088060486369,1.2520133948285774,1.3625001595232396,1.0137066523539706,1.1090680542156957,1.118033988749895
0.4,2,0,1.0202711657218693,1.023117596510391,1.0973995782311485,1.1919162779078396,1.0861278804471919,1.0027898767348853,1.1309596665849142,1.2909944487358056
0.4,2,1,1.1446616852131768,1.1621172490784621,1.2535406551247918,1.3852900109214665,1.105101781308847,1.0152495397467896,1.1309596665849142,1.2909944487358056
0.4,2,2,0.9180890861911657,0.9418702429205061,1.08531992468109,1.10658119021947,1.0195898601461937,1.0259028857733188,1.1309596665849142,1.2909944487358056
0.4,5,0,1.0008464114917692,1.0289164184936195,0.9905018038006929,1.2053705840122455,1.2169292164709558,1.0280462683180447,1.1952286093343936,1.2909944487358056
0.4,5,1,1.0347862882396963,1.0453875927971614,1.0115764896846553,1.1772298477041196,1.1637576196250907,1.0102449217562588,1.1952286093343936,1.2909944487358056
0.4,5,2,0.9866254099202222,1.0158128824583845,0.9089848382104663,1.1801211639979474,1.2982847616262465,1.0295831348399211,1.1952286093343936,1.2909944487358056
0.4,20,0,0.9894968829172681,1.0152268960055582,0.8512556339702434,1.0622786984527688,1.2478962324141305,1.0260031269754302,1.259113121867347,1.2909944487358056
0.4,20,1,1.0224997063949937,1.0634681156145842,0.8410128466560601,1.2095983913265271,1.4382638697327812,1.0400669153872248,1.259113121867347,1.2909944487358056
0.4,20,2,1.0090090783692633,1.0348168834439642,0.8534370442429556,1.1984823150308102,1.4043007895139215,1.0255773764854632,1.259113121867347,1.2909944487358056
0.4,64,0,0.9918740916474438,1.054026388827738,0.7854513129006218,1.1981233112897434,1.5253947528143408,1.0626614786127369,1.280209009557845,1.2909944487358056
0.4,64,1,0.9430967256630253,0.9738668274868695,0.80738084707766,1.0135397158362618,1.2553427784481144,1.0326266659469228,1.280209009557845,1.2909944487358056
0.4,64,2,0.9711324280956685,1.0013079998427776,0.8168869121940551,1.0630573671567694,1.3013519390358839,1.031072561140072,1.280209009557845,1.2909944487358056
0.6,2,0,1.0759232300008286,1.1147062738348723,1.0263896413008233,1.4271974880090572,1.3905026225715402,1.036046292851223,1.3337339141845925,1.5811388300841895
0.6,2,1,1.0396550159811109,1.0156250178820496,1.1578360349954322,1.3007432059814306,1.1234260868263286,0.9768865655148267,1.3337339141845925,1.5811388300841895
0.6,2,2,0.9309140415288414,0.9417155870935657,0.960525725780408,1.2446369381273956,1.295787197283189,1.0116031610684322,1.3337339141845925,1.5811388300841895
0.6,5,0,0.9347000524481824,0.9522578221053085,0.8388445403980701,1.0144731536591158,1.2093696803196716,1.0187843892927346,1.447271430863815,1.5811388300841895
0.6,5,1,0.9948695625080478,1.0209386460816687,0.750088861647057,1.0422283695188017,1.3894731981891588,1.0262035190903833,1.447271430863815,1.5811388300841895
0.6,5,2,1.0250662832558008,1.0875619655455977,0.798453151819158,1.0568298389667397,1.3235965523574031,1.060967454798434,1.447271430863815,1.5811388300841895
0.6,20,0,0.9361779614362999,0.9779719599789348,0.710773218022668,1.2267415988010981,1.7259254677797593,1.0446432198409306,1.5404159684748153,1.5811388300841895
0.6,20,1,0.991180830427186,1.041348347559376,0.7155360137342434,1.1528909798055835,1.6112270489208078,1.0506138896073773,1.5404159684748153,1.5811388300841895
0.6,20,2,0.9792894472270218,1.0208331388061604,0.6940634075997563,1.2004022718118537,1.7295282515514585,1.0424222804572996,1.5404159684748153,1.5811388300841895
0.6,64,0,0.9227220577997922,0.9594002299778824,0.6588934226596106,1.1284370276540656,1.7126245138389018,1.0397499678999205,1.5677428911586244,1.5811388300841895
0.6,64,1,0.99575678640806,1.050703008667005,0.673658690621545,1.1182162344902051,1.659915102495736,1.0551803643308821,1.5677428911586244,1.5811388300841895
0.6,64,2,0.9368500772604739,0.9986447879630188,0.6523525629851081,0.9509075691793683,1.4576589763487684,1.0659600849724475,1.5677428911586244,1.5811388300841895
0.8,2,0,1.0564794231737322,1.0852865473679032,1.0267842165808985,1.480643340297005,1.4420199652341927,1.0272670944291868,1.8332091363794036,2.2360679774997902
0.8,2,1,1.050236381623293,1.1238293349542927,0.8253242294054438,1.2198804825203422,1.4780621228085515,1.0700727518287372,1.8332091363794036,2.2360679774997902
0.8,2,2,1.1178837129774424,1.1378596081649945,0.9736606631938064,1.3857016803490816,1.4231874951214485,1.0178693856576075,1.8332091363794036,2.2360679774997902
0.8,5,0,1.0124865634276357,1.079288973702996,0.6848191451501795,1.207559814862506,1.76332660004371,1.065978564741847,2.0323471117426513,2.2360679774997902
0.8,5,1,0.9606274188153652,1.0073105919213408,0.6985445364587368,1.0154878741854265,1.4537195857739151,1.048596544499578,2.0323471117426513,2.2360679774997902
0.8,5,2,0.994910769742572,1.0562205193257106,0.6920493298516259,1.2118496291963397,1.7511029588832314,1.0616233650772544,2.0323471117426513,2.2360679774997902
0.8,20,0,1.0210191841304332,1.0929774360318774,0.5118325897034852,1.2459495135812337,2.4342910917474736,1.0704768852729525,2.177213756216817,2.2360679774997902
0.8,20,1,0.9536121898182726,1.0188858969039172,0.5311358013321149,1.150664933463732,2.166423220912255,1.0684489017470338,2.177213756216817,2.2360679774997902
0.8,20,2,0.96276125117491,1.037705154348465,0.49687418312237186,0.9100495841537839,1.8315493440110044,1.077842666686156,2.177213756216817,2.2360679774997902
0.8,64,0,0.9683475665244822,1.0799719610691574,0.4854315865969778,1.1850114172444817,2.441150205226178,1.1152730676499851,2.216988550442975,2.2360679774997902
0.8,64,1,0.9509105304185281,1.0378905145979593,0.47200883574701036,1.136678665437585,2.4081724310068373,1.0914702081815713,2.216988550442975,2.2360679774997902
0.8,64,2,1.0219107987277343,1.1189430365152273,0.48213881058899716,1.1526994437474176,2.3908040971421505,1.0949517686947794,2.216988550442975,2.2360679774997902
