family,value,heldout_geometry,outer_mse,inner_random_mse,inner_grouped_mse
SVR gamma,0.003,0,22.714857349760102,9.841476204418694,15.911858482827204
SVR gamma,0.01,0,13.055895471661774,8.980874025129024,72.76499662301666
SVR gamma,0.03,0,1.728128779552248,8.00567219386272,192.67918593280703
SVR gamma,0.1,0,184.6071147023766,5.411796443548709,76.03252241677475
SVR gamma,0.3,0,52.24348442759594,1.1790116455403719,45.03636628642643
SVR gamma,1.0,0,21.83194187294162,3.896954959312268,70.70461034743994
kNN k,1.0,0,16.7963515625,7.975959943181819,36.65484872159091
kNN k,3.0,0,17.647567013888892,7.564123863636365,27.99685924873737
kNN k,5.0,0,18.398454312500007,7.405172437500002,27.170382534090905
kNN k,9.0,0,19.259576427469142,6.68760294963524,25.509275382295176
kNN k,15.0,0,18.088843527777772,8.62396761300505,25.541751946969693
kNN k,25.0,0,17.578651817500003,9.925790331136364,23.37572844159091
kNN k,41.0,0,15.881119856112434,10.930144134646586,21.394996298030126
kNN k,65.0,0,15.912800835059176,11.645578908620228,20.756349212479826
kNN k,129.0,0,19.270352643132924,14.243257567546067,21.827028659174903
SVR gamma,0.003,1,4.258908912175382,9.36594665744418,22.14558113540846
SVR gamma,0.01,1,3.8861152088511224,8.463883309042158,72.23048308241484
SVR gamma,0.03,1,2.1625687210339195,7.354872600328218,222.19592575042782
SVR gamma,0.1,1,41.54875808002826,5.977546011187787,82.16805060485237
SVR gamma,0.3,1,47.84060362493331,1.564251734930461,48.37640718642038
SVR gamma,1.0,1,30.499392494417002,4.052090771345867,74.28605579371691
kNN k,1.0,1,9.95995,8.810274573863637,35.99028721590909
kNN k,3.0,1,13.308864409722224,7.809877414772726,28.118143323863638
kNN k,5.0,1,15.060416937500001,7.907237556818182,27.515639352272725
kNN k,9.0,1,17.99438285108025,7.391093613215488,26.1005834280303
kNN k,15.0,1,16.147010055555562,9.128465047979796,25.207566483585854
kNN k,25.0,1,16.5500166675,9.905102738636366,22.553531064090905
kNN k,41.0,1,14.156357759518139,10.80748887507774,20.296606136093235
kNN k,65.0,1,11.828441251479289,11.629237068417158,19.121447968531466
kNN k,129.0,1,11.498286370072412,14.745784689222539,21.372982341780776
SVR gamma,0.003,2,1.8020023537685277,10.575877544579887,23.39316975774042
SVR gamma,0.01,2,0.8964420734431106,10.02275051288821,69.57331270269725
SVR gamma,0.03,2,9.037974004635537,10.12994524673053,186.68576413802504
SVR gamma,0.1,2,264.6627378059523,1.385445720014025,63.57479691953958
SVR gamma,0.3,2,151.95571357002157,0.9082828678867965,38.634386145607785
SVR gamma,1.0,2,47.21463871966321,3.812021801988285,69.88677748620681
kNN k,1.0,2,9.309089062499998,8.859027840909091,39.69205639204545
kNN k,3.0,2,1.059198784722222,8.606165909090908,35.992531644570704
kNN k,5.0,2,0.4527196874999998,8.875905454545455,34.7657428125
kNN k,9.0,2,1.196012577160494,8.42958318251964,33.39588871177048
kNN k,15.0,2,1.980718291666666,10.253915628787878,31.767974714015146
kNN k,25.0,2,2.8718732499999975,10.984221295454548,26.93652408295454
kNN k,41.0,2,4.606765739329269,11.5597132144523,23.025695005509434
kNN k,65.0,2,7.197512616863906,12.109293540377893,20.634192444459384
kNN k,129.0,2,9.527957364998349,15.11648872581958,21.790015656915624
SVR gamma,0.003,3,28.349912004257583,6.742771746447005,15.924058532246788
SVR gamma,0.01,3,40.495538796986004,4.7899319615233145,47.12430338780161
SVR gamma,0.03,3,70.54820436975412,2.0002334815834626,39.64744206077489
SVR gamma,0.1,3,77.14022728035519,0.9984884106608513,13.683100095478357
SVR gamma,0.3,3,76.43183310938419,0.6875170670436362,24.63480703503507
SVR gamma,1.0,3,79.95694870058458,2.964577388500778,54.9159706259781
kNN k,1.0,3,171.1192328125,2.8506357954545454,16.752509375
kNN k,3.0,3,92.21390954861108,1.9910310132575761,14.326651499368687
kNN k,5.0,3,73.25829668750002,2.435002232954546,13.726232880681819
kNN k,9.0,3,68.82125511188272,3.1355595293209877,12.639028768588663
kNN k,15.0,3,72.54442261805553,4.14096082260101,12.659492922348484
kNN k,25.0,3,65.333005535,5.539538948181818,12.389864863636364
kNN k,41.0,3,61.79445143515765,6.817884920958167,12.377687331252362
kNN k,65.0,3,61.05138086982249,7.9560543361014,12.280852579848034
kNN k,129.0,3,55.83846281726985,11.587323057295166,15.979984322384881
SVR gamma,0.003,4,75.33318449919618,3.793844735089952,11.5972079490417
SVR gamma,0.01,4,75.41151840278289,2.8530919170223266,23.191568131072312
SVR gamma,0.03,4,114.46852168905112,2.243973247313841,32.23347779311989
SVR gamma,0.1,4,208.187891367003,0.9591535872896297,41.36507421126609
SVR gamma,0.3,4,194.6615857539724,0.6727583522027296,39.571454497999284
SVR gamma,1.0,4,246.56956812646624,2.5694508801236506,42.16720059350313
kNN k,1.0,4,171.1192328125,2.4003951704545456,19.385995170454546
kNN k,3.0,4,169.50378194444443,1.9283381313131314,15.826289551767678
kNN k,5.0,4,171.92447618749998,2.445322488636364,16.3399584375
kNN k,9.0,4,160.80539625771604,2.714293388748597,16.3837421173541
kNN k,15.0,4,149.854598875,3.240491616161616,16.804226985479797
kNN k,25.0,4,130.71344324,4.187233065681818,17.295065164772726
kNN k,41.0,4,108.6276068774167,5.573281636083094,18.405424445760776
kNN k,65.0,4,93.69606265717454,7.241892220985746,20.665298418605435
kNN k,129.0,4,81.49274691302729,11.089465623139178,25.65395192174927
SVR gamma,0.003,5,6.403196452100756,9.688366118781493,20.19877599784924
SVR gamma,0.01,5,117.28696298645674,6.4763871757892195,30.686930637498925
SVR gamma,0.03,5,290.15759193395496,5.7559449112373935,50.55400326220977
SVR gamma,0.1,5,1336.6455076020097,2.4809967573446112,58.84695272942965
SVR gamma,0.3,5,21.5357253290075,0.7830526171068243,57.108108328177195
SVR gamma,1.0,5,217.62432693260854,3.778501941023278,56.777692015751114
kNN k,1.0,5,10.101231249999998,6.945372017045455,40.20879005681818
kNN k,3.0,5,10.585194618055553,5.635625852272728,29.39663023989899
kNN k,5.0,5,12.2334885,6.328567471590909,27.985757670454543
kNN k,9.0,5,14.430385397376538,5.959145586069025,27.26561784161055
kNN k,15.0,5,13.603674048611108,7.221289271464647,27.291688328914134
kNN k,25.0,5,10.452853447499997,8.94678343909091,25.898475861590907
kNN k,41.0,5,7.599828614849787,10.269649288505219,25.24970264182576
kNN k,65.0,5,7.542316508136094,11.413263767751479,25.47760695891608
kNN k,129.0,5,18.450534843815735,14.21297768251744,28.232182415974577
SVR gamma,0.003,6,1.6512327899007926,9.15280699618926,16.4984469780117
SVR gamma,0.01,6,2.2101921182341235,7.665482940880542,32.98987233969464
SVR gamma,0.03,6,0.15229813123378771,6.730072282709745,131.77875833436246
SVR gamma,0.1,6,17.96307001162822,4.801249908755402,57.95678042707134
SVR gamma,0.3,6,2.896898736175588,1.2151666443880966,53.72419802063473
SVR gamma,1.0,6,28.112107586901573,3.937009384812409,64.26077169403324
kNN k,1.0,6,0.4425906249999998,7.082306676136364,38.542477698863635
kNN k,3.0,6,0.33892743055555563,5.854151846590909,30.58242080176767
kNN k,5.0,6,0.42741775,6.571316539772727,29.16059572727272
kNN k,9.0,6,0.6523132716049382,6.27777702721661,27.361938152356903
kNN k,15.0,6,0.954053506944444,7.8324601691919185,27.893066921717164
kNN k,25.0,6,1.3227331800000002,9.734977339090909,25.57514981454545
kNN k,41.0,6,1.714384691961631,10.914485822325728,23.56052050896382
kNN k,65.0,6,2.2367905857988153,12.062436591077192,22.323702787049488
kNN k,129.0,6,4.205205131809235,14.767644195538402,25.631120397406324
SVR gamma,0.003,7,0.8411007586384966,9.310534543958655,15.84842112396592
SVR gamma,0.01,7,0.5696372288840749,8.172132074950104,32.806798402289694
SVR gamma,0.03,7,0.4739808797856007,6.825906612901203,146.50520968498986
SVR gamma,0.1,7,2.650111559265805,5.446478428683313,74.01057120642211
SVR gamma,0.3,7,1.8570562842339042,1.5151756754965964,50.04908209238361
SVR gamma,1.0,7,1.6604929307129788,4.397168774945924,75.23037611999952
kNN k,1.0,7,0.4240499999999999,7.573300994318183,38.52128423295454
kNN k,3.0,7,0.3741335069444445,6.131672916666667,30.60172220643939
kNN k,5.0,7,0.39956343749999973,7.059359948863636,29.125857892045453
kNN k,9.0,7,0.5291598572530862,7.040863108515712,27.281619435676205
kNN k,15.0,7,0.6540309722222217,8.38712428282828,27.379110710227266
kNN k,25.0,7,0.9494786249999995,9.771576160227271,24.518825370000002
kNN k,41.0,7,1.3496354699583577,11.126950616685145,23.063578100072334
kNN k,65.0,7,1.7679904508136097,12.152849107114038,22.302260064887037
kNN k,129.0,7,3.2228837601781746,15.031091688347784,25.4266076483381
SVR gamma,0.003,8,0.9451426959534169,9.267769077690634,15.642874522069347
SVR gamma,0.01,8,0.781622971579413,8.000377597563018,25.306761670111083
SVR gamma,0.03,8,0.3314080539108981,6.87793014820562,138.55019560599405
SVR gamma,0.1,8,0.10016488826057009,6.106067637618879,84.86729181304935
SVR gamma,0.3,8,2.725737840299199,1.6451436432775353,47.25289277165189
SVR gamma,1.0,8,0.596850082916424,4.3281376236108375,66.09316250819644
kNN k,1.0,8,0.4240499999999999,8.047210369318181,37.73891377840909
kNN k,3.0,8,0.09114461805555563,6.331007481060606,31.194506565656567
kNN k,5.0,8,0.08600212500000003,7.286874136363637,29.82407521022727
kNN k,9.0,8,0.24821761188271613,7.378918916596521,27.94807585753367
kNN k,15.0,8,0.4801445833333335,8.72905570770202,27.560246126262623
kNN k,25.0,8,0.6874380450000003,9.879694367045454,24.75675079159091
kNN k,41.0,8,1.0577095739143367,11.045124982930885,23.102074987493918
kNN k,65.0,8,1.6373292259615382,12.118024285233997,22.40962703462883
kNN k,129.0,8,2.6982601354523474,15.076845952408757,25.305194189452326
SVR gamma,0.003,9,1.3660485289825992,9.101506313407162,15.923945353630149
SVR gamma,0.01,9,1.1022739672807516,7.88963496986695,26.455488830952785
SVR gamma,0.03,9,0.9938680084394411,6.734413919397962,134.85850940632045
SVR gamma,0.1,9,7.683781825586657,5.478816642421145,81.66606248106534
SVR gamma,0.3,9,5.4299171063084986,1.479708268591761,43.622008740190104
SVR gamma,1.0,9,9.750901844293626,3.9348707130652447,62.3290957211108
kNN k,1.0,9,14.530117187500002,7.033811363636364,36.45485852272727
kNN k,3.0,9,5.818815624999998,5.895158033459595,29.049476862373737
kNN k,5.0,9,4.696724562499999,6.773360267045454,28.576858403409087
kNN k,9.0,9,3.3072149884259265,6.890808452581369,26.923060542929292
kNN k,15.0,9,4.024524694444444,8.388850557449496,26.587354624368686
kNN k,25.0,9,3.2108316575000004,9.600991642499999,24.238767144545456
kNN k,41.0,9,2.9029027271713277,10.930889535111675,22.72134871711238
kNN k,65.0,9,2.9790840625,12.06045665334185,22.202602937701723
kNN k,129.0,9,2.9723998405669727,14.954899856785131,24.9745120998639
SVR gamma,0.003,10,8.214246030506137,8.852302201727785,13.997405906307934
SVR gamma,0.01,10,9.726577769708824,7.53311866888225,28.3379044149014
SVR gamma,0.03,10,9.767846474906653,6.231688316072683,155.40799834352444
SVR gamma,0.1,10,9.63517557995409,5.528911332115602,81.55195819365476
SVR gamma,0.3,10,10.898489765029595,1.345487926623946,41.80732483906696
SVR gamma,1.0,10,8.937609996417633,4.100070715180111,67.62306681807222
kNN k,1.0,10,5.6538328125,6.494944034090909,35.65735624999999
kNN k,3.0,10,9.19112378472222,5.6227445864899,28.230038162878785
kNN k,5.0,10,8.611343750000001,6.3904779318181815,27.739126392045453
kNN k,9.0,10,9.313396566358024,6.522136044472503,25.97967152777777
kNN k,15.0,10,9.67960142361111,7.906073046085857,25.783789996843428
kNN k,25.0,10,10.46215827,9.19330905568182,23.24496039590909
kNN k,41.0,10,11.032420794913742,10.482637451919178,21.788766023758175
kNN k,65.0,10,11.977096500369822,11.481510116359603,21.094786225020172
kNN k,129.0,10,13.75654851862493,14.14449507990601,23.824006767282413
SVR gamma,0.003,11,3.6327894160871517,8.95341768825463,17.240393750549767
SVR gamma,0.01,11,5.330304339697585,7.969983847509463,55.012670150163665
SVR gamma,0.03,11,25.003485132679717,6.434859958193877,189.73753688863945
SVR gamma,0.1,11,56.20386501951981,5.362535804663917,72.88391464997412
SVR gamma,0.3,11,61.83601428183875,1.0777924575598592,44.51379237620535
SVR gamma,1.0,11,52.012949405089806,3.4707978382872837,59.73269113228105
kNN k,1.0,11,5.6538328125,6.879293892045456,38.06872840909091
kNN k,3.0,11,5.90559270833333,5.670231976010101,29.83177406881313
kNN k,5.0,11,5.443577249999998,6.217700636363637,29.249471619318182
kNN k,9.0,11,4.396761439043208,6.06923460122054,27.568619128787876
kNN k,15.0,11,3.4512393958333334,7.840628116161616,27.420006465277776
kNN k,25.0,11,2.7338193550000005,9.545509153636361,24.956982901590912
kNN k,41.0,11,2.111354278517251,10.931129869514223,23.25336039568236
kNN k,65.0,11,1.8723181028106506,12.141164342959923,22.330662848977944
kNN k,129.0,11,2.59579475701956,14.802701329829187,24.797020514518497
