protocol,target,model,fold,RMSE,MAE,R2
random,Y1,Ridge,0,3.1362968822339528,2.3360907399931343,0.9130843566064659
random,Y1,Ridge,1,3.0897173751039317,2.2735394025102345,0.8911438353545147
random,Y1,Ridge,2,2.783238621552874,1.9623786502004192,0.9306914720859234
random,Y1,Ridge,3,2.831449156677594,1.9481103036478635,0.9218847306173167
random,Y1,Ridge,4,3.1254390138051735,2.22313181481663,0.8916311912855504
random,Y1,Ridge,5,2.5657539417070283,1.6501386577913761,0.9388802021354765
random,Y1,Ridge,6,3.539640201169565,2.6110605427715354,0.890678507707662
random,Y1,Ridge,7,2.742043130263577,1.956453405875597,0.9239841926530256
random,Y1,Ridge,8,2.8568491471223,2.062949145811662,0.9142078451572617
random,Y1,Ridge,9,2.5882660421373473,1.841271213027017,0.9343863538437998
random,Y1,Ridge,10,3.4095414127437564,2.5432358835262177,0.8862242123849
random,Y1,Ridge,11,2.478163597260203,1.654382719731034,0.916505824798545
random,Y1,Ridge,12,3.040988041742878,2.020019247017764,0.8954708361974582
random,Y1,Ridge,13,3.019245930186067,2.155141984444971,0.9176420704014523
random,Y1,Ridge,14,3.6300979330570717,2.6937692315624133,0.8754261846771424
random,Y1,Ridge,15,3.2005882274285056,2.2828368536608994,0.9069902528283077
random,Y1,Ridge,16,2.821770854552513,1.931736451722546,0.9039982690517558
random,Y1,Ridge,17,2.463455003461683,1.7664489633193834,0.9402031692036907
random,Y1,Ridge,18,2.5776431657351404,1.753825263744471,0.9388715684094845
random,Y1,Ridge,19,2.5615453937227217,1.8463588792110364,0.9294282089811803
random,Y1,Ridge,20,3.1114662185894106,2.419480046404037,0.8990044258539951
random,Y1,Ridge,21,2.9208780435940516,2.0350355216466585,0.9138694461019998
random,Y1,Ridge,22,3.036559205733929,2.074392000994963,0.9060292718902012
random,Y1,Ridge,23,2.8368874732254663,2.065959907020014,0.9264830220906124
random,Y1,kNN,0,2.4101768103075845,1.4974479166666663,0.9486711630461484
random,Y1,kNN,1,2.5080098420970267,1.52953125,0.9282744328038004
random,Y1,kNN,2,1.895722066331923,1.275520833333333,0.9678459916031293
random,Y1,kNN,3,2.432119881513976,1.6569270833333336,0.9423647268835266
random,Y1,kNN,4,2.1886351419828345,1.4126562499999995,0.9468590911539899
random,Y1,kNN,5,1.7424255722985698,1.0667708333333332,0.9718122525156332
random,Y1,kNN,6,2.8543424215959488,1.7949479166666666,0.9289114824450836
random,Y1,kNN,7,2.411543096062492,1.5944270833333336,0.941204321817371
random,Y1,kNN,8,2.449705327611798,1.7168923611111109,0.9369186974373862
random,Y1,kNN,9,1.8752084606339992,1.09921875,0.9655590239390348
random,Y1,kNN,10,2.303873172989829,1.6067708333333333,0.9480512566409467
random,Y1,kNN,11,1.9411208549729997,1.1702604166666664,0.9487727097568397
random,Y1,kNN,12,2.4977571266198493,1.5493402777777774,0.9294806232961776
random,Y1,kNN,13,2.034978671741904,1.4318750000000002,0.9625865149143217
random,Y1,kNN,14,2.790115396110188,1.9481770833333332,0.9264073547464846
random,Y1,kNN,15,2.318912655271383,1.4772916666666662,0.9511755186795385
random,Y1,kNN,16,1.9147522595045494,1.193177083333333,0.9557960826585391
random,Y1,kNN,17,1.7625811151547042,1.1416145833333333,0.9693883228431515
random,Y1,kNN,18,1.9003312586880512,1.2575173611111112,0.9667756658920895
random,Y1,kNN,19,1.8989561734308436,1.2106770833333331,0.9612156149655975
random,Y1,kNN,20,2.2245983563830616,1.5756249999999996,0.9483731786941084
random,Y1,kNN,21,2.3650002895557467,1.4791840277777784,0.9435332504933445
random,Y1,kNN,22,2.172859059639064,1.4329687500000001,0.9518837026944594
random,Y1,kNN,23,2.1386517364919424,1.4643750000000004,0.9582185445719122
random,Y1,SVR (RBF),0,2.0187871290429813,1.1698486368102439,0.9639882131357878
random,Y1,SVR (RBF),1,1.7947426443198808,0.9705852167345765,0.9632700884497032
random,Y1,SVR (RBF),2,1.241724434652034,0.7336642747807756,0.9862045381455609
random,Y1,SVR (RBF),3,2.2430193775112883,1.2744950706801745,0.9509787421635667
random,Y1,SVR (RBF),4,1.686043792965164,1.034253633662912,0.9684630316199099
random,Y1,SVR (RBF),5,1.2642176300508898,0.7221018243710383,0.9851613092244634
random,Y1,SVR (RBF),6,2.3986333611404955,1.2661005114712574,0.9497986896736105
random,Y1,SVR (RBF),7,2.207878715849765,1.3504710284227208,0.9507160197495449
random,Y1,SVR (RBF),8,2.3042308212092935,1.27676381539993,0.9441883423087986
random,Y1,SVR (RBF),9,1.5059664039473348,0.8216464058446038,0.9777870156716075
random,Y1,SVR (RBF),10,2.396660958653756,1.3486187781068382,0.9437825537114494
random,Y1,SVR (RBF),11,1.5506359271778767,0.861003339725392,0.9673099250225516
random,Y1,SVR (RBF),12,1.7714105493236205,0.9813429387629217,0.964531199223391
random,Y1,SVR (RBF),13,1.3257736037725885,0.7956005715771841,0.9841201214324734
random,Y1,SVR (RBF),14,2.790368758621409,1.6948345460750933,0.9263939886584635
random,Y1,SVR (RBF),15,1.8958487569666103,1.030619708391474,0.9673655548509488
random,Y1,SVR (RBF),16,2.01150286236865,1.0969439415047009,0.951216058460505
random,Y1,SVR (RBF),17,1.5510227709298934,0.8755032107267424,0.9762958030534281
random,Y1,SVR (RBF),18,1.3899343126644774,0.6802353336168225,0.9822259575240707
random,Y1,SVR (RBF),19,2.010591210764932,1.0670502141511773,0.9565214966748219
random,Y1,SVR (RBF),20,2.4908897801711403,1.4478888218077732,0.9352736401111005
random,Y1,SVR (RBF),21,1.5268106506117138,0.836786207714821,0.9764657288140609
random,Y1,SVR (RBF),22,2.008478941771261,1.0951288703782935,0.9588884689601432
random,Y1,SVR (RBF),23,1.7431476802709591,1.0993258878605077,0.9722430469101303
random,Y1,Random forest,0,0.4408892441702337,0.30600625000000037,0.9982823976534451
random,Y1,Random forest,1,0.5150003822814081,0.367028124999999,0.9969756599462635
random,Y1,Random forest,2,0.3836179054003454,0.27344218749999977,0.9986833100230521
random,Y1,Random forest,3,0.46290089010770075,0.28669062500000153,0.997912173375952
random,Y1,Random forest,4,0.4596608952192358,0.3431265625000008,0.9976560013440436
random,Y1,Random forest,5,0.5035930493712151,0.27600625000000134,0.9976454313659459
random,Y1,Random forest,6,0.4516142226433422,0.3094421875000016,0.9982203994353356
random,Y1,Random forest,7,0.42635665106369497,0.2915234375000023,0.9981621865157297
random,Y1,Random forest,8,0.44020410322940506,0.33140000000000347,0.9979630464207513
random,Y1,Random forest,9,0.38227246459494946,0.24911249999999593,0.9985687273371058
random,Y1,Random forest,10,0.49758307079698044,0.3591328125000013,0.9975768008780415
random,Y1,Random forest,11,0.3969002497873372,0.25937968750000073,0.9978582983216471
random,Y1,Random forest,12,0.6570712215249195,0.383835937500002,0.9951198525489809
random,Y1,Random forest,13,0.46559948386461775,0.29323124999999967,0.9980414555990409
random,Y1,Random forest,14,0.4447954846050078,0.31634687500000247,0.998129701945293
random,Y1,Random forest,15,0.5858565340059798,0.34582187499999917,0.9968836127936451
random,Y1,Random forest,16,0.39953968513777954,0.26762187500000006,0.9980753337854114
random,Y1,Random forest,17,0.5707748985753905,0.3892046874999975,0.9967898994927676
random,Y1,Random forest,18,0.5127095781848582,0.37992812499999684,0.9975815310125199
random,Y1,Random forest,19,0.4077979472499198,0.28500156249999736,0.9982113840592448
random,Y1,Random forest,20,0.5032365401205494,0.3623062500000018,0.997358099252913
random,Y1,Random forest,21,0.3972264601269652,0.2762874999999989,0.9984070331720739
random,Y1,Random forest,22,0.4274395861917201,0.25617031249999983,0.9981380047581851
random,Y1,Random forest,23,0.5264383746876292,0.3416734374999982,0.9974683800692858
random,Y1,Gradient boosting,0,0.41958549881689283,0.33673332375431475,0.9984443762777934
random,Y1,Gradient boosting,1,0.43908722887068335,0.3260675152181908,0.9978015472830878
random,Y1,Gradient boosting,2,0.35320786408502824,0.27491146363765456,0.9988837884318598
random,Y1,Gradient boosting,3,0.4930626566482646,0.3226552609598671,0.9976312314821645
random,Y1,Gradient boosting,4,0.4891451309272884,0.33988661381940094,0.9973456529159357
random,Y1,Gradient boosting,5,0.49980258973578645,0.28063097719485325,0.9976807428512076
random,Y1,Gradient boosting,6,0.41054679815397005,0.3154088747716437,0.9985293387401031
random,Y1,Gradient boosting,7,0.37898580393921,0.2670481180871771,0.9985478842561799
random,Y1,Gradient boosting,8,0.3868784248031003,0.30442182100314985,0.9984266621852332
random,Y1,Gradient boosting,9,0.34341817946244657,0.25749219821138136,0.9988448911627076
random,Y1,Gradient boosting,10,0.3459118492780331,0.2585710357221328,0.9988289139998362
random,Y1,Gradient boosting,11,0.3291202131063174,0.24590828914155366,0.9985273303260488
random,Y1,Gradient boosting,12,0.39790557716180613,0.2904461380268519,0.9982103500019482
random,Y1,Gradient boosting,13,0.4099378260577218,0.2909073937458829,0.9984817460190061
random,Y1,Gradient boosting,14,0.3756989210590036,0.29541530188333703,0.9986656493293562
random,Y1,Gradient boosting,15,0.5325298183456487,0.33306160066617246,0.9974251216356749
random,Y1,Gradient boosting,16,0.4018351281608338,0.2896282294124174,0.9980531549987849
random,Y1,Gradient boosting,17,0.42797746466236564,0.32206153102810975,0.9981951932671248
random,Y1,Gradient boosting,18,0.3844243201445158,0.28185388895923436,0.9986403742813059
random,Y1,Gradient boosting,19,0.35396666869102583,0.25853967783357024,0.9986524286673759
random,Y1,Gradient boosting,20,0.4137175602435563,0.317241019664974,0.9982144168790354
random,Y1,Gradient boosting,21,0.3049948806917137,0.21773718955347182,0.9990608921051791
random,Y1,Gradient boosting,22,0.3859605787038082,0.27190877860251506,0.9984818489538251
random,Y1,Gradient boosting,23,0.4661788525850101,0.29465132515885445,0.9980147803555898
random,Y1,Ridge + phys,0,2.3348400845468724,1.6990849145071283,0.9518298611598639
random,Y1,Ridge + phys,1,2.277353285849151,1.6798305919332575,0.9408606789520831
random,Y1,Ridge + phys,2,1.9107458413472513,1.4380048683773363,0.9673343250436718
random,Y1,Ridge + phys,3,2.1429670984151272,1.5805491354751768,0.9552544958001256
random,Y1,Ridge + phys,4,2.4109752933085913,1.8801608365831082,0.9355136551940185
random,Y1,Ridge + phys,5,1.8627484554564036,1.3441541302089461,0.9677848377009227
random,Y1,Ridge + phys,6,2.694477388364533,1.9452709424692336,0.9366514905915767
random,Y1,Ridge + phys,7,2.155834922654181,1.7026579794357226,0.9530120654848903
random,Y1,Ridge + phys,8,2.263451261467043,1.6012063200735382,0.9461463363269091
random,Y1,Ridge + phys,9,1.7690784045884955,1.1982660543476074,0.9693471750303797
random,Y1,Ridge + phys,10,2.5363978711338877,1.892517445054976,0.9370359477009634
random,Y1,Ridge + phys,11,1.91342033901497,1.2638953655935785,0.9502243425894619
random,Y1,Ridge + phys,12,2.376866934185359,1.7520623377737583,0.9361416357894956
random,Y1,Ridge + phys,13,1.967658220321304,1.456700380785895,0.965020969373019
random,Y1,Ridge + phys,14,2.8652168243008225,2.129478154429602,0.9223922544254022
random,Y1,Ridge + phys,15,2.241772894907281,1.6203074114097022,0.9543698302300269
random,Y1,Ridge + phys,16,2.323076973675966,1.6695256613837768,0.9349327013271002
random,Y1,Ridge + phys,17,1.8263662529530125,1.3481731195736384,0.9671326532423103
random,Y1,Ridge + phys,18,1.7237525176878352,1.2720644518873023,0.972663211787798
random,Y1,Ridge + phys,19,2.1162844678613104,1.537044391286146,0.9518301698014443
random,Y1,Ridge + phys,20,2.288922596335327,1.6406428255379497,0.9453444366363392
random,Y1,Ridge + phys,21,2.1726259085004753,1.4522920266472221,0.9523458968785432
random,Y1,Ridge + phys,22,2.3812988971401676,1.7601728436859256,0.9422094394448552
random,Y1,Ridge + phys,23,2.2143742715816206,1.7442231359026517,0.9552074816298489
random,Y1,GBM + phys,0,0.39632951688341556,0.3013660742539073,0.9986120415907307
random,Y1,GBM + phys,1,0.4163791831530258,0.3148455219219547,0.9980230597842668
random,Y1,GBM + phys,2,0.3539410255134181,0.2640527377675911,0.9988791497321114
random,Y1,GBM + phys,3,0.4966309789080319,0.32734183420670887,0.9975968215951768
random,Y1,GBM + phys,4,0.34755154052412557,0.26372682990423124,0.9986599510062499
random,Y1,GBM + phys,5,0.4793034713587692,0.26636482669463757,0.9978670874555493
random,Y1,GBM + phys,6,0.3817067974708599,0.27735674357900103,0.9987287027677026
random,Y1,GBM + phys,7,0.37755209830548936,0.2600697523903628,0.9985588502003843
random,Y1,GBM + phys,8,0.35276679132108674,0.2625024946222796,0.9986918777014002
random,Y1,GBM + phys,9,0.34154942334365274,0.25682139664447434,0.9988574283179021
random,Y1,GBM + phys,10,0.3703711948710541,0.2688926588684037,0.9986574442891853
random,Y1,GBM + phys,11,0.29772320314273876,0.22925895943644464,0.99879490412961
random,Y1,GBM + phys,12,0.40657293125179317,0.31124463218850784,0.9981315349733924
random,Y1,GBM + phys,13,0.43364788699306583,0.2918543494654693,0.9983010409533241
random,Y1,GBM + phys,14,0.34559919824782265,0.2718901240670232,0.9988708918683559
random,Y1,GBM + phys,15,0.5273062227289477,0.31911080370430484,0.9974753879554646
random,Y1,GBM + phys,16,0.3762752194473216,0.27796992826548955,0.9982929477585253
random,Y1,GBM + phys,17,0.4539823919364516,0.3109989270082797,0.9979692011134811
random,Y1,GBM + phys,18,0.3909293662855527,0.28517764216090224,0.9985939710847501
random,Y1,GBM + phys,19,0.32685156518194547,0.2325992536864914,0.9988509784754778
random,Y1,GBM + phys,20,0.4351746050097399,0.3238097522495817,0.9980243989437921
random,Y1,GBM + phys,21,0.2704052532389109,0.19493471608896712,0.9992618227764013
random,Y1,GBM + phys,22,0.365353764990739,0.2513109623351059,0.9986396324629815
random,Y1,GBM + phys,23,0.4298320591282847,0.26191485225916467,0.99831227751855
random,Y1,Hybrid (Ridge->GBM) + phys,0,0.5185444084099748,0.3948505322141067,0.9976240596792126
random,Y1,Hybrid (Ridge->GBM) + phys,1,0.6091326756547006,0.4680812852330206,0.9957690361733089
random,Y1,Hybrid (Ridge->GBM) + phys,2,0.42707740269707417,0.3511168870601482,0.9983680795830481
random,Y1,Hybrid (Ridge->GBM) + phys,3,0.5317604352184941,0.3649404885501099,0.997244817050869
random,Y1,Hybrid (Ridge->GBM) + phys,4,0.6188697858180366,0.471113108907056,0.9957510580098712
random,Y1,Hybrid (Ridge->GBM) + phys,5,0.5595844774758334,0.3729660660438171,0.99709274438765
random,Y1,Hybrid (Ridge->GBM) + phys,6,0.5958786464254778,0.4581384474385303,0.9969018463049985
random,Y1,Hybrid (Ridge->GBM) + phys,7,0.4839602032881448,0.38192747102194974,0.9976320384287387
random,Y1,Hybrid (Ridge->GBM) + phys,8,0.5692350881045288,0.43028807658002044,0.9965939087073503
random,Y1,Hybrid (Ridge->GBM) + phys,9,0.4072913786140244,0.3286355857317459,0.9983752491318149
random,Y1,Hybrid (Ridge->GBM) + phys,10,0.4256079634348646,0.3518614588089448,0.9982271279157752
random,Y1,Hybrid (Ridge->GBM) + phys,11,0.49792888534967705,0.3896499432881363,0.9966292163843625
random,Y1,Hybrid (Ridge->GBM) + phys,12,0.7509552933534134,0.5006795869129791,0.9936256454282425
random,Y1,Hybrid (Ridge->GBM) + phys,13,0.43669117274125957,0.3490411534274407,0.9982771111214177
random,Y1,Hybrid (Ridge->GBM) + phys,14,0.5481039307339618,0.4129518673330903,0.9971600158528885
random,Y1,Hybrid (Ridge->GBM) + phys,15,0.6499111903249111,0.466596231510951,0.9961648982876307
random,Y1,Hybrid (Ridge->GBM) + phys,16,0.5500997253934946,0.424843253098071,0.9963514657029874
random,Y1,Hybrid (Ridge->GBM) + phys,17,0.5671007218061441,0.4178204059436301,0.9968310944198621
random,Y1,Hybrid (Ridge->GBM) + phys,18,0.494552083095151,0.3957998629308178,0.9977497968302952
random,Y1,Hybrid (Ridge->GBM) + phys,19,0.4458336346472372,0.3687540649787242,0.9978621723719093
random,Y1,Hybrid (Ridge->GBM) + phys,20,0.47044412531202023,0.36441428181121027,0.9976911896461571
random,Y1,Hybrid (Ridge->GBM) + phys,21,0.4254841105438851,0.3339582468116532,0.9981723329408919
random,Y1,Hybrid (Ridge->GBM) + phys,22,0.5061669179317475,0.37250107294287704,0.9973889415153265
random,Y1,Hybrid (Ridge->GBM) + phys,23,0.5217480476585987,0.36805987521705796,0.9975132902788078
random,Y2,Ridge,0,3.396122756309898,2.347461775169633,0.8836901578748928
random,Y2,Ridge,1,2.8054051596866323,2.026905075945284,0.89788477378714
random,Y2,Ridge,2,3.272010370526763,2.3588527207283905,0.8938905937400218
random,Y2,Ridge,3,3.2683165901495395,2.2775391916662384,0.8808971859947599
random,Y2,Ridge,4,2.755747865625726,2.2819067714765566,0.8972275196088625
random,Y2,Ridge,5,3.08867675270552,1.9417762153023745,0.9072578662275175
random,Y2,Ridge,6,3.7645020125215765,2.7029469951548197,0.857636357918656
random,Y2,Ridge,7,3.3794790533474264,2.4331106976834693,0.8755774852000109
random,Y2,Ridge,8,3.120020288732782,2.2780744469155287,0.8781644311163141
random,Y2,Ridge,9,2.8455133783909283,1.9734270805012781,0.9053244516791165
random,Y2,Ridge,10,3.936162081346684,2.823849223060331,0.8391928031279766
random,Y2,Ridge,11,2.6864205571421556,1.7949771428284405,0.8941354806790076
random,Y2,Ridge,12,2.881542188641834,2.080849661687597,0.8996943788773721
random,Y2,Ridge,13,3.6126706348561615,2.4593107961579808,0.8730475365179395
random,Y2,Ridge,14,3.920386597294672,2.8939507516435103,0.8426508695725998
random,Y2,Ridge,15,2.3384732235860444,1.7126659354135867,0.9353279569415414
random,Y2,Ridge,16,2.786180367875867,2.0986461221679127,0.8825906930706491
random,Y2,Ridge,17,2.665278332202048,1.8152666009881906,0.9218460801905825
random,Y2,Ridge,18,3.812587261039024,2.5105824472875087,0.8699368270104336
random,Y2,Ridge,19,3.3110866396578693,2.3039615532746556,0.8765161374197562
random,Y2,Ridge,20,3.762994279962813,2.8642321865879596,0.8410401008991937
random,Y2,Ridge,21,3.321742601886238,2.2955656160869973,0.8732830720339793
random,Y2,Ridge,22,2.5635029428763945,1.8528438171476718,0.9088256598000346
random,Y2,Ridge,23,3.175684726568779,2.3206384958814743,0.8928453164246208
random,Y2,kNN,0,2.8697845944995866,1.9539930555555551,0.9169483421197108
random,Y2,kNN,1,2.493341166710065,1.6505729166666663,0.9193391608024583
random,Y2,kNN,2,2.6267475003424967,1.8157291666666668,0.9316149455970612
random,Y2,kNN,3,2.6302227144821364,1.8442708333333329,0.922863694597295
random,Y2,kNN,4,2.225407422123968,1.7074999999999996,0.9329780679494499
random,Y2,kNN,5,2.501593762817351,1.5715104166666674,0.9391632877325774
random,Y2,kNN,6,2.997850850563154,2.025104166666667,0.9097173981168921
random,Y2,kNN,7,3.0818791083906203,2.2603645833333332,0.8965261389626481
random,Y2,kNN,8,2.59336512465042,1.9200347222222223,0.9158243281143482
random,Y2,kNN,9,2.0705806351520506,1.3560416666666668,0.9498696356111195
random,Y2,kNN,10,3.22001449152287,2.339756944444445,0.8923844108988066
random,Y2,kNN,11,2.039169689072818,1.3136979166666665,0.9390029039400115
random,Y2,kNN,12,2.4662540828935056,1.6463020833333328,0.9265230803730862
random,Y2,kNN,13,2.6370742481541507,1.8432812500000004,0.9323560265852034
random,Y2,kNN,14,3.1707835689870123,2.2878124999999994,0.8970705259522784
random,Y2,kNN,15,2.00289863732264,1.4209895833333337,0.9525572646948148
random,Y2,kNN,16,2.1698152203074295,1.4554687500000003,0.9287918715525255
random,Y2,kNN,17,1.984710831162397,1.37375,0.9566628739515848
random,Y2,kNN,18,3.069399226665426,2.0443402777777773,0.9157011755148416
random,Y2,kNN,19,2.5482003794072217,1.6708854166666662,0.9268631471847805
random,Y2,kNN,20,2.7811788380409244,2.042760416666667,0.913168301856252
random,Y2,kNN,21,2.5831567069248558,1.7861805555555559,0.9233690535244141
random,Y2,kNN,22,2.160356078831839,1.6334375000000003,0.9352476302470225
random,Y2,kNN,23,2.7838535566728364,2.0311458333333334,0.9176565291552445
random,Y2,SVR (RBF),0,2.5610698084448162,1.6190136495235419,0.9338556825415585
random,Y2,SVR (RBF),1,2.19432488462608,1.2976612803319272,0.9375257318363476
random,Y2,SVR (RBF),2,2.3245496948375544,1.4498848426830364,0.9464447301893545
random,Y2,SVR (RBF),3,2.3661419529593903,1.5590986104616564,0.9375754561694559
random,Y2,SVR (RBF),4,2.0005118802009845,1.2907550105881014,0.9458398138386744
random,Y2,SVR (RBF),5,2.346601988772787,1.2441443387358149,0.9464683001917981
random,Y2,SVR (RBF),6,2.5323850481508656,1.502440656921584,0.9355766203682828
random,Y2,SVR (RBF),7,2.554839696944124,1.622753206975702,0.9288906402767574
random,Y2,SVR (RBF),8,2.1789905788379262,1.445654920348486,0.9405748941146056
random,Y2,SVR (RBF),9,2.243110378439283,1.336116653302759,0.9411674252937273
random,Y2,SVR (RBF),10,2.50871663678434,1.687178666785664,0.934677506438857
random,Y2,SVR (RBF),11,1.7416575104782148,1.0741083284395874,0.9555032860851472
random,Y2,SVR (RBF),12,2.026958889292764,1.1754089848524587,0.9503676101424853
random,Y2,SVR (RBF),13,2.3265282229596163,1.4380035694645756,0.9473496763400862
random,Y2,SVR (RBF),14,2.7337903507361863,1.7781242446503334,0.9234866938760647
random,Y2,SVR (RBF),15,1.7712687116616952,1.1235089845572395,0.9628960043446563
random,Y2,SVR (RBF),16,2.14665994749685,1.3419595847871717,0.9303035632151623
random,Y2,SVR (RBF),17,1.9946342205510041,1.2331268010808036,0.9562284264944709
random,Y2,SVR (RBF),18,2.6644915052485576,1.6697433231590737,0.936475180479454
random,Y2,SVR (RBF),19,2.422471976618426,1.426809593054855,0.9339022555619948
random,Y2,SVR (RBF),20,2.9139236933467334,1.9484972299904593,0.9046815851003971
random,Y2,SVR (RBF),21,2.163932599650602,1.350827716096615,0.946223796075949
random,Y2,SVR (RBF),22,1.7833290506114217,1.1038725988240594,0.9558767029389469
random,Y2,SVR (RBF),23,2.448662133928773,1.6159851463224535,0.9362919769843047
random,Y2,Random forest,0,1.6070020875939273,1.0387484374999971,0.9739575050650828
random,Y2,Random forest,1,1.6267002302879134,1.0203734374999998,0.9656667925806269
random,Y2,Random forest,2,1.7113323172768782,1.0292171874999987,0.970973595374719
random,Y2,Random forest,3,1.6003375577026686,1.040529687499998,0.9714440257982363
random,Y2,Random forest,4,1.9214827696095154,1.2224078125000006,0.9500344275298263
random,Y2,Random forest,5,1.4486521003375865,0.7805687500000008,0.9795985814454014
random,Y2,Random forest,6,1.6214233686216866,1.0106093749999978,0.9735894844729721
random,Y2,Random forest,7,1.4378651157510383,0.8795390625000001,0.9774765065386097
random,Y2,Random forest,8,1.6420688529926921,1.1849515624999962,0.9662524704710285
random,Y2,Random forest,9,1.556409138120727,0.8725692708333344,0.9716753788716066
random,Y2,Random forest,10,1.5549549088005044,1.075892708333332,0.974904541522191
random,Y2,Random forest,11,1.0047023461664435,0.5963432291666648,0.985192652842805
random,Y2,Random forest,12,1.5550957712293187,1.0333070312499997,0.9707860966989474
random,Y2,Random forest,13,1.7789261103378247,1.0450968749999943,0.9692177604334589
random,Y2,Random forest,14,1.6827036555328978,1.092479687500002,0.9710117610877427
random,Y2,Random forest,15,1.7508873502545041,1.0443703124999981,0.9637449767282928
random,Y2,Random forest,16,1.695316572314307,0.9513834821428557,0.9565303960124762
random,Y2,Random forest,17,1.8256090594562557,1.0728234375000003,0.9633325091637225
random,Y2,Random forest,18,1.7957673915979626,1.211333593749997,0.9711454090372044
random,Y2,Random forest,19,1.6001882030912855,0.9733187500000017,0.9711589382247019
random,Y2,Random forest,20,1.7587789252241162,1.0741531249999996,0.9652749429349391
random,Y2,Random forest,21,1.406401025390251,0.8125984375000006,0.9772845663820415
random,Y2,Random forest,22,1.1747663455349553,0.7368195312499974,0.9808526806235535
random,Y2,Random forest,23,1.5132011500871225,0.9914656249999977,0.9756706938758171
random,Y2,Gradient boosting,0,1.2649489562320577,0.8513887174680012,0.983864006563829
random,Y2,Gradient boosting,1,1.0762682389770633,0.7674631301054144,0.9849706440746158
random,Y2,Gradient boosting,2,1.2885362314408635,0.9110718754055536,0.9835442450744079
random,Y2,Gradient boosting,3,1.2715887196583255,0.9453525679758079,0.9819711876339984
random,Y2,Gradient boosting,4,1.4405461716323211,0.9710623800225429,0.9719164345704225
random,Y2,Gradient boosting,5,1.1647567969163541,0.7445475365122577,0.9868112792773618
random,Y2,Gradient boosting,6,1.377337085952163,0.982141948729923,0.9809425624420393
random,Y2,Gradient boosting,7,1.1649645051856696,0.7645490253757746,0.9852148803476053
random,Y2,Gradient boosting,8,1.1496047590287402,0.8611678376299821,0.9834592055347887
random,Y2,Gradient boosting,9,1.1821278030983655,0.789884376023481,0.983660249185797
random,Y2,Gradient boosting,10,1.365456414300142,0.9577620202127954,0.9806484739554971
random,Y2,Gradient boosting,11,0.9309049520498499,0.6687282482935311,0.9872880227535393
random,Y2,Gradient boosting,12,1.3043628917011194,0.8817841990594399,0.9794471441427159
random,Y2,Gradient boosting,13,1.3848081091999642,0.9748833412339941,0.9813463600098427
random,Y2,Gradient boosting,14,1.3352204931759335,0.8659036632104384,0.9817479128290082
random,Y2,Gradient boosting,15,1.298911594956059,0.8782674724499739,0.9800468730666193
random,Y2,Gradient boosting,16,1.1833644587034784,0.8550796675413517,0.9788202362291081
random,Y2,Gradient boosting,17,1.3458789317102722,0.911639486197381,0.980071362053912
random,Y2,Gradient boosting,18,1.5125441177162742,1.0981048807876599,0.9795293863479497
random,Y2,Gradient boosting,19,1.161524044040044,0.7915352165862481,0.9848041315711025
random,Y2,Gradient boosting,20,1.2656550419874852,0.8587493629766589,0.9820174544415426
random,Y2,Gradient boosting,21,1.1436659427926752,0.8529558878378785,0.9849789234382087
random,Y2,Gradient boosting,22,1.1367706638630866,0.7758479632680534,0.9820712214377306
random,Y2,Gradient boosting,23,1.1736314276368578,0.7770125476844181,0.9853647596634121
random,Y2,Ridge + phys,0,2.8362518904560705,1.909504842703818,0.9188778778570912
random,Y2,Ridge + phys,1,2.368228689757753,1.6304901490900598,0.9272309681304486
random,Y2,Ridge + phys,2,2.6566637096796746,1.9324440548856852,0.9300483910616144
random,Y2,Ridge + phys,3,2.6986832852888827,1.9692892961493653,0.9187959623255544
random,Y2,Ridge + phys,4,2.504175934531339,2.001980108972151,0.9151352074324398
random,Y2,Ridge + phys,5,2.6370416823698064,1.7676350963358232,0.9323969711754818
random,Y2,Ridge + phys,6,3.064421583523699,2.134811519788238,0.9056632201346193
random,Y2,Ridge + phys,7,2.84243570943826,2.1037906961366937,0.9119801228354734
random,Y2,Ridge + phys,8,2.682567509339866,1.8723417000049674,0.9099340613292286
random,Y2,Ridge + phys,9,2.5397978985154457,1.738197387442888,0.9245750754439037
random,Y2,Ridge + phys,10,3.217030435480171,2.354937719739815,0.8925837777962814
random,Y2,Ridge + phys,11,2.208948106858288,1.4125920326095462,0.9284230064837862
random,Y2,Ridge + phys,12,2.48505937202583,1.832920065652803,0.9253982792456404
random,Y2,Ridge + phys,13,2.8339049052248795,1.9185445842845588,0.9218813120301875
random,Y2,Ridge + phys,14,3.238371985668223,2.4080625774491935,0.892635668748094
random,Y2,Ridge + phys,15,2.154257143872309,1.4743459547089381,0.9451158602188667
random,Y2,Ridge + phys,16,2.3995863783676903,1.702215259856054,0.9129122952175779
random,Y2,Ridge + phys,17,2.4569991354123752,1.6776821659316994,0.9335835536111188
random,Y2,Ridge + phys,18,3.0764978347134018,2.050358738155844,0.9153108083873769
random,Y2,Ridge + phys,19,2.8048939131566297,1.8702107782931043,0.9113860703695434
random,Y2,Ridge + phys,20,3.105769358655219,2.402080516076258,0.8917173529336637
random,Y2,Ridge + phys,21,2.6805657057798653,1.8900417167232288,0.9174806882768091
random,Y2,Ridge + phys,22,2.501679094487981,1.8689127588953383,0.9131703226648067
random,Y2,Ridge + phys,23,2.67034798723646,1.8758672733839283,0.9242343910545902
random,Y2,GBM + phys,0,1.2175056557069088,0.770160048487152,0.9850517042696965
random,Y2,GBM + phys,1,0.9572096418519308,0.6837763046281147,0.9881118726144028
random,Y2,GBM + phys,2,1.0708891305780226,0.7341769168463852,0.9886338453054018
random,Y2,GBM + phys,3,1.2022161285005932,0.8241751183720397,0.9838846817813837
random,Y2,GBM + phys,4,1.4108992835848506,0.9183957089301674,0.9730604768131199
random,Y2,GBM + phys,5,1.17347246967453,0.7740424908878613,0.986613162993641
random,Y2,GBM + phys,6,1.3669341918098343,0.9154385800188736,0.9812293532596672
random,Y2,GBM + phys,7,1.1615799797628614,0.7486400998022605,0.9853006648030292
random,Y2,GBM + phys,8,1.0583378423619962,0.7718122909859118,0.9859812945872216
random,Y2,GBM + phys,9,1.1162226385897773,0.7437197332830771,0.985431386620687
random,Y2,GBM + phys,10,1.1258620201931209,0.7666891891060789,0.9868438180009663
random,Y2,GBM + phys,11,0.8178125707363482,0.5579641080338957,0.9901890742388345
random,Y2,GBM + phys,12,1.2605461681985326,0.8960276482051673,0.9808047921211263
random,Y2,GBM + phys,13,1.1521724505455855,0.7994505437135516,0.987087231412929
random,Y2,GBM + phys,14,1.3042437732192622,0.8681375046112605,0.9825849751088511
random,Y2,GBM + phys,15,1.3483697814683024,0.8077623772383162,0.9784984484376099
random,Y2,GBM + phys,16,1.0434162670245877,0.6783430041821528,0.9835335767130444
random,Y2,GBM + phys,17,1.2309991683292512,0.8267865813956154,0.9833282516334094
random,Y2,GBM + phys,18,1.3796551191065205,0.9195718230801005,0.9829683849228089
random,Y2,GBM + phys,19,1.1531413527109757,0.806251607840484,0.9850226765383788
random,Y2,GBM + phys,20,1.3778219769254179,0.8054060563275807,0.9786888602278775
random,Y2,GBM + phys,21,0.899158153608964,0.6927090609107026,0.990715150758538
random,Y2,GBM + phys,22,0.9972251160683001,0.6446020578135145,0.9862027858657794
random,Y2,GBM + phys,23,1.187876218238519,0.7831137267217692,0.9850073372169798
random,Y2,Hybrid (Ridge->GBM) + phys,0,1.6638717429907293,1.116576129064224,0.9720816723955404
random,Y2,Hybrid (Ridge->GBM) + phys,1,1.5527617325985354,1.0857511482745923,0.9687169592908333
random,Y2,Hybrid (Ridge->GBM) + phys,2,1.7329174288069809,1.1611053850729267,0.970236754900281
random,Y2,Hybrid (Ridge->GBM) + phys,3,1.5979345260334168,1.1242579078766384,0.9715297194573003
random,Y2,Hybrid (Ridge->GBM) + phys,4,1.7873810773700114,1.2198140292696027,0.9567653258148435
random,Y2,Hybrid (Ridge->GBM) + phys,5,1.4150251897047923,0.8403427127567853,0.9805347266353969
random,Y2,Hybrid (Ridge->GBM) + phys,6,1.6527171462934238,1.1952632792321942,0.9725601907379315
random,Y2,Hybrid (Ridge->GBM) + phys,7,1.6497202553088068,1.0875426272023172,0.9703503159056969
random,Y2,Hybrid (Ridge->GBM) + phys,8,1.6575854804341472,1.2466771983929457,0.9656116667304744
random,Y2,Hybrid (Ridge->GBM) + phys,9,1.6203908792056838,1.0684689418556628,0.9692987438316318
random,Y2,Hybrid (Ridge->GBM) + phys,10,1.7868867880371915,1.234613853890245,0.9668599155760604
random,Y2,Hybrid (Ridge->GBM) + phys,11,1.187674564564086,0.7630321531661131,0.9793082445498122
random,Y2,Hybrid (Ridge->GBM) + phys,12,1.6131745768760428,1.1277866237067538,0.9685632208047378
random,Y2,Hybrid (Ridge->GBM) + phys,13,1.770122720979255,1.1826810727244923,0.9695216713357222
random,Y2,Hybrid (Ridge->GBM) + phys,14,1.8000620106630782,1.2259937460443382,0.9668272490270287
random,Y2,Hybrid (Ridge->GBM) + phys,15,1.807464117571933,1.2427970802491508,0.9613640899157321
random,Y2,Hybrid (Ridge->GBM) + phys,16,1.4484586688651444,0.951023328204058,0.9682680849082479
random,Y2,Hybrid (Ridge->GBM) + phys,17,1.6734593224060148,1.150462419124367,0.9691896985093466
random,Y2,Hybrid (Ridge->GBM) + phys,18,1.931301529725123,1.3116593973995423,0.966625487642508
random,Y2,Hybrid (Ridge->GBM) + phys,19,1.6038551164221586,1.0905341931208345,0.9710266052300423
random,Y2,Hybrid (Ridge->GBM) + phys,20,1.6760781175056265,1.1713062251032276,0.9684638280986219
random,Y2,Hybrid (Ridge->GBM) + phys,21,1.4120986023069424,0.9432992236757733,0.9771001451744714
random,Y2,Hybrid (Ridge->GBM) + phys,22,1.4823329684453892,1.0145133938500785,0.9695142752527109
random,Y2,Hybrid (Ridge->GBM) + phys,23,1.6057026416782576,1.087230435600582,0.9726052941675339
loso,Y1,Ridge,0,6.264361906871004,5.789388635279501,-0.9207539216081007
loso,Y1,Ridge,1,2.1571026191266744,1.67782014449803,0.7010518448910068
loso,Y1,Ridge,2,1.571142639359946,1.2984031150233566,0.778303656148908
loso,Y1,Ridge,3,4.503181049769524,4.308247340951231,-0.9717198688523017
loso,Y1,Ridge,4,9.596334358826352,9.503638283087549,-7.219868627800002
loso,Y1,Ridge,5,2.239624626878059,1.4528068356180672,0.7069100952466155
loso,Y1,Ridge,6,2.2939425770443385,2.1028450714161573,-0.09009521794781361
loso,Y1,Ridge,7,1.3679195113634663,1.009735271910437,0.5431078844972125
loso,Y1,Ridge,8,1.3155963554756513,1.144267513293728,0.5421169588591139
loso,Y1,Ridge,9,1.887571312300625,1.6262328585049626,0.1726273191684058
loso,Y1,Ridge,10,2.3095076266460826,2.0539972037317105,-0.2107806691040015
loso,Y1,Ridge,11,3.2365392285408845,3.060582423099146,-1.2261519435849193
loso,Y1,kNN,0,4.388573393196147,4.0600000000000005,0.057318942958584085
loso,Y1,kNN,1,4.0183342389049175,3.891291666666667,-0.03740032822442774
loso,Y1,kNN,2,1.407379938633014,1.026020833333333,0.8221106235066893
loso,Y1,kNN,3,8.295857708030118,8.246961805555555,-5.6915847907397135
loso,Y1,kNN,4,12.680906760075008,12.608506944444445,-13.353398824660369
loso,Y1,kNN,5,3.798734710054986,3.184670138888888,0.15680442025880803
loso,Y1,kNN,6,0.8076591308249652,0.5360763888888889,0.8648688214498044
loso,Y1,kNN,7,0.7274337476726566,0.4141840277777778,0.8707949567186263
loso,Y1,kNN,8,0.6929246592042554,0.4062916666666667,0.8729773207264928
loso,Y1,kNN,9,2.006121804488562,1.9222083333333333,0.0654360233427278
loso,Y1,kNN,10,3.051785799553767,2.9987152777777775,-1.1141450116313592
loso,Y1,kNN,11,2.096845592561171,2.022829861111111,0.06561479129887848
loso,Y1,SVR (RBF),0,4.032076644674273,3.3510676760252522,0.20425190720694109
loso,Y1,SVR (RBF),1,1.911885951803467,1.6447658752173777,0.7651566702067414
loso,Y1,SVR (RBF),2,1.7751147142796553,1.6703818193826616,0.7170040967375716
loso,Y1,SVR (RBF),3,4.757465872123782,4.61885553288325,-1.2006843740948252
loso,Y1,SVR (RBF),4,9.339885389388057,9.266374334155879,-6.786409276479446
loso,Y1,SVR (RBF),5,4.230275730754221,3.991327680982082,-0.04565337270230696
loso,Y1,SVR (RBF),6,0.909670567949721,0.4924077673877222,0.8285775740198043
loso,Y1,SVR (RBF),7,1.0276230420022772,0.5330572751872056,0.742154092517058
loso,Y1,SVR (RBF),8,1.0083463919870355,0.6809964442291679,0.7310145847973178
loso,Y1,SVR (RBF),9,1.0868865601608682,0.8006354106331786,0.7256765857617437
loso,Y1,SVR (RBF),10,2.924188339528613,2.848534815300649,-0.9410528443288804
loso,Y1,SVR (RBF),11,2.425306627841956,2.2782572823131604,-0.25004705128783167
loso,Y1,Random forest,0,3.8469020503313787,3.743295312500003,0.27566360799714873
loso,Y1,Random forest,1,4.313527872740159,4.266295312499999,-0.1954171514678278
loso,Y1,Random forest,2,0.6351718094342684,0.5230156250000024,0.9637665464632856
loso,Y1,Random forest,3,7.876976753290251,7.835437500000002,-5.032891632155468
loso,Y1,Random forest,4,13.05531339573207,13.0296109375,-14.213485924700382
loso,Y1,Random forest,5,2.4939490288149746,1.9030617920863449,0.6365660139243536
loso,Y1,Random forest,6,9.9453036626905,9.925068750000005,-19.48969275479808
loso,Y1,Random forest,7,0.5798360608827302,0.2615125000000009,0.9179075876703632
loso,Y1,Random forest,8,0.5297908323987421,0.40440781250000146,0.9257462976111921
loso,Y1,Random forest,9,0.806274442846542,0.7769468750000008,0.8490405767373427
loso,Y1,Random forest,10,3.2704997340333923,3.251470312499998,-1.4280348354680252
loso,Y1,Random forest,11,2.3793107871884356,2.339435937500002,-0.2030824732537293
loso,Y1,Gradient boosting,0,3.979853582541613,3.917168794776154,0.2247313219123973
loso,Y1,Gradient boosting,1,3.654592385253804,3.5874783546562448,0.14191135447045844
loso,Y1,Gradient boosting,2,0.9945211847464477,0.8642776355969014,0.9111708762652819
loso,Y1,Gradient boosting,3,7.869539277205118,7.83248341596297,-5.021504444999925
loso,Y1,Gradient boosting,4,11.190615038958752,11.172414777483212,-10.177946998167943
loso,Y1,Gradient boosting,5,3.6289567900255255,3.395293930806485,0.23049050094915735
loso,Y1,Gradient boosting,6,9.730030000410109,9.72208346102384,-18.612263005274215
loso,Y1,Gradient boosting,7,0.5986866735309383,0.3124130799745669,0.9124831339360584
loso,Y1,Gradient boosting,8,0.40636208000676993,0.3476260597672278,0.9563146736456829
loso,Y1,Gradient boosting,9,0.5886922643449614,0.5381574043232891,0.9195231260280748
loso,Y1,Gradient boosting,10,1.1031425555266623,1.0585037794843681,0.7237578445082471
loso,Y1,Gradient boosting,11,2.595503730694165,2.5601155424618653,-0.4316483850336934
loso,Y1,Ridge + phys,0,3.7754742055637185,2.9582659015334944,0.3023123049028711
loso,Y1,Ridge + phys,1,2.716994744085489,2.480077918446626,0.5257232208040288
loso,Y1,Ridge + phys,2,2.348671496376162,1.933142705711429,0.5045819163828238
loso,Y1,Ridge + phys,3,7.793575748786567,7.687491662793507,-4.9058160854166815
loso,Y1,Ridge + phys,4,9.796760359270372,9.693322438352055,-7.566809377396519
loso,Y1,Ridge + phys,5,2.9085049745670055,2.642991659009084,0.5057006800732515
loso,Y1,Ridge + phys,6,2.3985660523590884,2.2892267333236127,-0.19179817302711544
loso,Y1,Ridge + phys,7,1.0516374036024134,0.8134869653668118,0.7299621610435902
loso,Y1,Ridge + phys,8,0.9507335281463266,0.7715092755028344,0.7608739693710234
loso,Y1,Ridge + phys,9,1.6026168190925776,1.4413933477033312,0.40357775546693797
loso,Y1,Ridge + phys,10,2.3513987747897165,2.1881691724521746,-0.2551026663387339
loso,Y1,Ridge + phys,11,3.1247396041201054,3.019065087479677,-1.0750124962881897
loso,Y1,GBM + phys,0,2.1305365008185664,1.7573978183781498,0.7778245816279041
loso,Y1,GBM + phys,1,3.2800932190378775,3.1920874072941747,0.308763538908859
loso,Y1,GBM + phys,2,2.279341199889645,2.1920587887016136,0.5333986598134901
loso,Y1,GBM + phys,3,8.219319459648156,8.17694821697171,-5.5686801865236495
loso,Y1,GBM + phys,4,12.703666367206186,12.676754966347517,-13.404967830557338
loso,Y1,GBM + phys,5,9.18029064100384,8.916672521430378,-3.9245125977230026
loso,Y1,GBM + phys,6,7.8248122838624665,7.80747447331616,-11.683736330214126
loso,Y1,GBM + phys,7,0.5737760507065974,0.27128736797649633,0.9196145570698984
loso,Y1,GBM + phys,8,0.34864874015801944,0.2895507031580189,0.9678422662126945
loso,Y1,GBM + phys,9,1.1754785597151232,1.1526308371548621,0.6791338785760621
loso,Y1,GBM + phys,10,2.909892882447658,2.8961776903741603,-0.9221208138876931
loso,Y1,GBM + phys,11,2.262376619311274,2.211689703223708,-0.08773439273919692
loso,Y1,Hybrid (Ridge->GBM) + phys,0,3.136416087085483,2.8795940453094584,0.5185120817202233
loso,Y1,Hybrid (Ridge->GBM) + phys,1,2.282383700848834,2.1668618764847243,0.6653185978392342
loso,Y1,Hybrid (Ridge->GBM) + phys,2,3.2923747225848983,3.161388529643414,0.026477892944082204
loso,Y1,Hybrid (Ridge->GBM) + phys,3,7.334728006892074,7.289042689315313,-4.2308759855516325
loso,Y1,Hybrid (Ridge->GBM) + phys,4,10.495189647484546,10.474783500100003,-8.831838024542154
loso,Y1,Hybrid (Ridge->GBM) + phys,5,1.7069119338549645,1.3136653850928224,0.8297556841083866
loso,Y1,Hybrid (Ridge->GBM) + phys,6,2.944923191865263,2.897467681115847,-0.7965830350586154
loso,Y1,Hybrid (Ridge->GBM) + phys,7,1.2090186682856305,0.9214511221138539,0.6430901047584797
loso,Y1,Hybrid (Ridge->GBM) + phys,8,0.6442614941502459,0.5415353996835472,0.8901920999785936
loso,Y1,Hybrid (Ridge->GBM) + phys,9,1.2588267953140824,1.1367433159058509,0.6320181506304526
loso,Y1,Hybrid (Ridge->GBM) + phys,10,2.1215365057013202,1.957611789024833,-0.021710120697486568
loso,Y1,Hybrid (Ridge->GBM) + phys,11,4.407817607406195,4.329793994948089,-3.128956272994258
loso,Y2,Ridge,0,6.802496106380605,6.503443013114168,-2.619586345908112
loso,Y2,Ridge,1,2.7705155053504718,2.2058657922241274,0.34719422833456204
loso,Y2,Ridge,2,2.7934577484319925,2.457243506573549,0.3411845210193333
loso,Y2,Ridge,3,4.162530735348944,3.7884742233140942,-1.4307217345515997
loso,Y2,Ridge,4,9.888593941347368,9.088188621527411,-4.042318297532061
loso,Y2,Ridge,5,2.0524387509898694,1.706338034997086,0.4920696985171221
loso,Y2,Ridge,6,1.5412729321903724,1.4245111491059588,0.12407651891893456
loso,Y2,Ridge,7,0.9424556321438906,0.7018389479858574,0.6003913174998632
loso,Y2,Ridge,8,1.0361166179349457,0.8721186186231858,0.44914519013666365
loso,Y2,Ridge,9,1.1703931583365048,1.06385223587688,0.5428344439817907
loso,Y2,Ridge,10,3.7869661873412985,3.657678495561221,-6.333761654444839
loso,Y2,Ridge,11,5.06282209351953,4.985615655459172,-12.586530967642089
loso,Y2,kNN,0,4.590168388341906,4.2126874999999995,-0.6480848721612509
loso,Y2,kNN,1,4.28254783734714,3.8464687499999997,-0.5597940563535941
loso,Y2,kNN,2,2.153611945017538,1.8981354166666669,0.608425426789936
loso,Y2,kNN,3,7.882952725132041,7.789979166666667,-7.717624970478797
loso,Y2,kNN,4,12.35976145643721,11.875711805555554,-6.877371866879422
loso,Y2,kNN,5,4.109332899023879,3.7235624999999994,-1.036134023219391
loso,Y2,kNN,6,0.6901197002095244,0.5305902777777778,0.8243873017065748
loso,Y2,kNN,7,0.6124752659405025,0.4512395833333337,0.8312319636160648
loso,Y2,kNN,8,0.7024054404528611,0.5404166666666665,0.7468397004974094
loso,Y2,kNN,9,2.013210709565968,1.9026666666666663,-0.35265928311660777
loso,Y2,kNN,10,4.705258333621132,4.672729166666667,-10.321680154625495
loso,Y2,kNN,11,4.184113518715762,4.135739583333333,-8.279619468174973
loso,Y2,SVR (RBF),0,3.0932836294015624,2.482495953850003,0.25155166972022613
loso,Y2,SVR (RBF),1,3.241732314056068,2.508541458665236,0.10624781682324802
loso,Y2,SVR (RBF),2,3.2389609459762894,2.607841529514138,0.11429111053025687
loso,Y2,SVR (RBF),3,3.853897608057617,3.4276073541437526,-1.0836303833583916
loso,Y2,SVR (RBF),4,10.126703692277689,9.344580287208586,-4.288072188763764
loso,Y2,SVR (RBF),5,4.254547528790388,4.046349174615154,-1.1825815015695964
loso,Y2,SVR (RBF),6,0.5957455269797497,0.39111742695083207,0.8691334521074447
loso,Y2,SVR (RBF),7,0.7414535007213868,0.48790368687409974,0.7526676479320265
loso,Y2,SVR (RBF),8,0.8382015000323448,0.6599186502781627,0.6394904823963494
loso,Y2,SVR (RBF),9,0.6944412803911765,0.455785075333272,0.8390536946266913
loso,Y2,SVR (RBF),10,4.5404177647813935,4.501082487422131,-9.542304714916904
loso,Y2,SVR (RBF),11,4.510907466340649,4.484508928728224,-9.785768298351913
loso,Y2,Random forest,0,4.627201800291931,4.238753124999991,-0.6747855996113217
loso,Y2,Random forest,1,4.442403931730686,4.265626562500001,-0.678413272089682
loso,Y2,Random forest,2,1.8551904978414642,1.6416609375000033,0.7094260996473326
loso,Y2,Random forest,3,7.020363493449334,6.935798437499994,-5.914161764226045
loso,Y2,Random forest,4,12.594435252374359,12.229387500000001,-7.179345735130411
loso,Y2,Random forest,5,5.588589679441167,5.100001562500005,-2.765894588884678
loso,Y2,Random forest,6,9.809466931192455,9.79743434682474,-34.48116579248435
loso,Y2,Random forest,7,0.4757952758605842,0.3354953124999996,0.8981518044927819
loso,Y2,Random forest,8,0.45795723411826506,0.3785453124999997,0.8923857669629482
loso,Y2,Random forest,9,1.3977542521398396,1.2898906250000015,0.347963965436883
loso,Y2,Random forest,10,4.624308937948864,4.596807812500002,-9.935474126772064
loso,Y2,Random forest,11,4.996781173837687,4.977520312499998,-12.234389462988785
loso,Y2,Gradient boosting,0,4.493022157311671,4.3253937735874075,-0.5790630026435151
loso,Y2,Gradient boosting,1,4.416081020000839,3.9029040897219796,-0.6585817433084971
loso,Y2,Gradient boosting,2,2.547282664682575,2.375690679875403,0.45218507453342127
loso,Y2,Gradient boosting,3,7.211422960268307,7.039166218815761,-6.295621161100005
loso,Y2,Gradient boosting,4,10.408329749924075,9.682423569716157,-4.586287144550235
loso,Y2,Gradient boosting,5,2.964623076212644,2.779943367239625,-0.05974818216406952
loso,Y2,Gradient boosting,6,12.421268657325676,12.403744367370757,-55.89039854725902
loso,Y2,Gradient boosting,7,0.524444990534141,0.36285882631964106,0.8762591855018464
loso,Y2,Gradient boosting,8,0.5067082802083717,0.4274891067872691,0.8682544758008098
loso,Y2,Gradient boosting,9,1.3950767697721647,1.2210595365846624,0.35045960138453147
loso,Y2,Gradient boosting,10,3.9888199952042065,3.9501363444378508,-7.136409774693696
loso,Y2,Gradient boosting,11,5.086508945451597,5.046384490796914,-12.713959890778558
loso,Y2,Ridge + phys,0,4.058925303902604,3.5601236296409895,-0.2886781226006512
loso,Y2,Ridge + phys,1,3.407963454553753,2.6731378996031014,0.012237183977247157
loso,Y2,Ridge + phys,2,3.2483805519488747,2.574837904525152,0.10913194957732764
loso,Y2,Ridge + phys,3,7.452944305657558,7.259905139956697,-6.792487054052316
loso,Y2,Ridge + phys,4,9.973960480810728,9.1883802592871,-4.129753022155676
loso,Y2,Ridge + phys,5,1.4428897649082482,1.1423315844890807,0.748967462383754
loso,Y2,Ridge + phys,6,1.5987774354353095,1.4950456988622771,0.05749625130528957
loso,Y2,Ridge + phys,7,0.7443159387213953,0.6003545449326475,0.7507542707195847
loso,Y2,Ridge + phys,8,0.7952608687516741,0.6526538251582279,0.6754817734765345
loso,Y2,Ridge + phys,9,1.0195243079423855,0.8916349010029208,0.6530993424300543
loso,Y2,Ridge + phys,10,3.9587092382050186,3.8918779809417248,-7.014033354592581
loso,Y2,Ridge + phys,11,5.197285040739889,5.143917060757936,-13.317800991845548
loso,Y2,GBM + phys,0,2.486214158005925,2.208708769532686,0.5164967384361524
loso,Y2,GBM + phys,1,4.78050098862246,4.305051438495813,-0.9436123056967456
loso,Y2,GBM + phys,2,3.173250503924939,2.8642520419279975,0.14986421801591343
loso,Y2,GBM + phys,3,9.436384733565955,9.372896246133733,-11.491989668784234
loso,Y2,GBM + phys,4,12.329748402912465,11.878270013166727,-6.8391612700791065
loso,Y2,GBM + phys,5,4.274865852226373,3.98269746577294,-1.203477866457305
loso,Y2,GBM + phys,6,8.787477729365433,8.746501170503308,-27.473151614434585
loso,Y2,GBM + phys,7,0.8206411139031813,0.6660952054751322,0.6970160452812832
loso,Y2,GBM + phys,8,0.9706718188752619,0.7771757067740899,0.5165353669576895
loso,Y2,GBM + phys,9,0.8823865825427583,0.7171507767831565,0.740146994303372
loso,Y2,GBM + phys,10,4.835088449245871,4.80979081954001,-10.95508815067558
loso,Y2,GBM + phys,11,4.968315891023662,4.945889485459723,-12.084033628250573
loso,Y2,Hybrid (Ridge->GBM) + phys,0,3.9617669951838925,3.5258923911739712,-0.22772244836410627
loso,Y2,Hybrid (Ridge->GBM) + phys,1,3.815749727179216,3.2212887373748247,-0.2382906082982621
loso,Y2,Hybrid (Ridge->GBM) + phys,2,3.874030895286521,3.104123535594412,-0.26708497257286634
loso,Y2,Hybrid (Ridge->GBM) + phys,3,6.772299268999243,6.584103834092971,-5.434171320813281
loso,Y2,Hybrid (Ridge->GBM) + phys,4,10.380009180389589,9.65747260653496,-4.555928460557075
loso,Y2,Hybrid (Ridge->GBM) + phys,5,1.1902963341002473,0.9030984080172915,0.8291661600910228
loso,Y2,Hybrid (Ridge->GBM) + phys,6,3.2000744700457213,3.164853070267714,-2.775958704595763
loso,Y2,Hybrid (Ridge->GBM) + phys,7,0.9658954163297558,0.7208235297371028,0.5802668237496729
loso,Y2,Hybrid (Ridge->GBM) + phys,8,0.6550276786390802,0.5385701329232048,0.7798396175794177
loso,Y2,Hybrid (Ridge->GBM) + phys,9,0.7736732241270707,0.6532368837079726,0.8002323840291637
loso,Y2,Hybrid (Ridge->GBM) + phys,10,3.639342852141697,3.56994142481253,-5.773137290723159
loso,Y2,Hybrid (Ridge->GBM) + phys,11,6.317409120700654,6.268824538619299,-20.154426492844614
shuffle,Y1,Ridge,0,3.9532689698023478,3.0041393147658297,0.6828183545980501
shuffle,Y1,Ridge,1,3.9532689698023478,3.0041393147658297,0.6828183545980501
shuffle,Y1,Ridge,2,6.3114226538026825,4.446135031525469,0.7176157788132653
shuffle,Y1,Ridge,3,2.1764116362654264,1.7330767393011655,0.9575027770773256
shuffle,Y1,Ridge,4,4.103136389364851,2.8160066080338697,0.4210570801770437
shuffle,Y1,Ridge,5,1.9370408441387195,1.5040674752503953,0.9703657808125822
shuffle,Y1,Ridge,6,3.787901244525963,2.450709157956947,0.7969962692016942
shuffle,Y1,Ridge,7,4.103136389364851,2.8160066080338697,0.4210570801770437
shuffle,Y1,Ridge,8,2.1986439593444116,1.7169859201870359,0.7905948443455317
shuffle,Y1,Ridge,9,9.117212304774705,8.132646356176437,0.21339773060701517
shuffle,Y1,Ridge,10,1.7833523423997313,1.3901093960599782,0.9706963100029904
shuffle,Y1,Ridge,11,2.9231326719727213,2.1506652474358767,0.8890462220068898
shuffle,Y1,Ridge,12,6.615061071250515,5.133863700840881,0.660787877413506
shuffle,Y1,Ridge,13,7.01477332317089,5.74201505099267,0.6137685002248159
shuffle,Y1,Ridge,14,3.8773086490021584,3.0179162703494753,0.6568674094011193
shuffle,Y1,Ridge,15,1.8779776288577905,1.296725482945974,0.9702915177226081
shuffle,Y1,Ridge,16,4.6941289293527255,4.321812321059088,0.8128553260918765
shuffle,Y1,Ridge,17,5.754723821431961,4.3636022534682715,0.7986512658580819
shuffle,Y1,Ridge,18,3.3480493363891113,3.016082425947546,0.8036589051228273
shuffle,Y1,Ridge,19,3.9532689698023478,3.0041393147658297,0.6828183545980501
shuffle,Y1,kNN,0,3.0572905738214966,2.341833333333333,0.8102993778747494
shuffle,Y1,kNN,1,3.0572905738214966,2.341833333333333,0.8102993778747494
shuffle,Y1,kNN,2,7.740239298506742,5.476180555555556,0.5752878625043569
shuffle,Y1,kNN,3,3.403861125618964,3.0005381944444447,0.896050563711745
shuffle,Y1,kNN,4,3.552839821367732,2.7316180555555554,0.5659346725574386
shuffle,Y1,kNN,5,2.977641183296084,2.3885763888888882,0.9299737842985814
shuffle,Y1,kNN,6,2.9434566795753994,1.9493090277777771,0.877419321578342
shuffle,Y1,kNN,7,3.552839821367732,2.7316180555555554,0.5659346725574386
shuffle,Y1,kNN,8,4.0453423434767455,3.775451388888888,0.29109487372815457
shuffle,Y1,kNN,9,4.948374625330339,3.791724537037037,0.7682839046661887
shuffle,Y1,kNN,10,2.5439103371071745,2.0004340277777772,0.9403718138874531
shuffle,Y1,kNN,11,5.492339914519632,4.1694560185185185,0.608294332606679
shuffle,Y1,kNN,12,8.014330701040988,6.505538194444444,0.502104539621729
shuffle,Y1,kNN,13,7.900257962120955,5.77029513888889,0.5101050624032117
shuffle,Y1,kNN,14,3.6221833952205,3.147184027777778,0.7005377440284335
shuffle,Y1,kNN,15,3.3064508064063474,2.576055555555555,0.9079076049637889
shuffle,Y1,kNN,16,2.9219425871345055,2.544479166666666,0.9274878469187604
shuffle,Y1,kNN,17,7.540332271451231,4.688472222222222,0.6543147099606053
shuffle,Y1,kNN,18,2.0189606024763957,1.7388715277777775,0.9286024681371056
shuffle,Y1,kNN,19,3.0572905738214966,2.341833333333333,0.8102993778747494
shuffle,Y1,SVR (RBF),0,2.858150925318683,2.154245771443204,0.8342072112592637
shuffle,Y1,SVR (RBF),1,2.858150925318683,2.154245771443204,0.8342072112592637
shuffle,Y1,SVR (RBF),2,5.719237812511685,4.237850736938463,0.768120578576118
shuffle,Y1,SVR (RBF),3,4.310263017484025,3.3977507279412684,0.833319030875102
shuffle,Y1,SVR (RBF),4,4.036222439733644,3.312601876961876,0.43978591246706655
shuffle,Y1,SVR (RBF),5,2.702444461232205,2.1264799491771496,0.9423194374928845
shuffle,Y1,SVR (RBF),6,2.519423787525911,1.6429545982453337,0.9101932097494823
shuffle,Y1,SVR (RBF),7,4.036222439733644,3.312601876961876,0.43978591246706655
shuffle,Y1,SVR (RBF),8,4.7329969097779125,4.361436387396355,0.02960176496179423
shuffle,Y1,SVR (RBF),9,3.340035742245134,2.673805930735661,0.8944317584210718
shuffle,Y1,SVR (RBF),10,2.9807191477539074,2.4200026827928656,0.9181365368513843
shuffle,Y1,SVR (RBF),11,2.9364808146009813,2.1043848416267124,0.8880305935779974
shuffle,Y1,SVR (RBF),12,6.469756582334291,4.7882115484854175,0.6755262779353548
shuffle,Y1,SVR (RBF),13,6.16927962385893,4.705766289768404,0.7012627922090275
shuffle,Y1,SVR (RBF),14,2.8321127783190074,2.1593894804303577,0.8169278388769794
shuffle,Y1,SVR (RBF),15,4.374377861470307,3.3779177092939876,0.8388121782420529
shuffle,Y1,SVR (RBF),16,3.144774126471114,2.6970892334716363,0.9160063683233998
shuffle,Y1,SVR (RBF),17,5.562907001145265,3.493177353633136,0.8118502997016123
shuffle,Y1,SVR (RBF),18,2.9935605381921606,2.78539317223685,0.8430347193907513
shuffle,Y1,SVR (RBF),19,2.858150925318683,2.154245771443204,0.8342072112592637
shuffle,Y1,Random forest,0,2.541894872893792,2.0923765624999997,0.8688674547515924
shuffle,Y1,Random forest,1,2.541894872893792,2.0923765624999993,0.8688674547515924
shuffle,Y1,Random forest,2,7.74287601057464,5.50620756083984,0.5749984568897617
shuffle,Y1,Random forest,3,2.6956205297319773,2.1425489583333346,0.9348077480602723
shuffle,Y1,Random forest,4,2.3635304607748173,1.8722046875000007,0.8079004939602689
shuffle,Y1,Random forest,5,2.4042983684878925,1.8211812500000015,0.9543445470620848
shuffle,Y1,Random forest,6,5.158680569614962,4.172269270833336,0.6234835135816608
shuffle,Y1,Random forest,7,2.3635304607748173,1.8722046875000007,0.8079004939602689
shuffle,Y1,Random forest,8,3.4626227605569566,3.0155421874999995,0.48061677948197234
shuffle,Y1,Random forest,9,5.650870751739471,4.18617135416667,0.6978227202206724
shuffle,Y1,Random forest,10,1.982138832446845,1.5270946748245873,0.9637993692103446
shuffle,Y1,Random forest,11,3.9239048686783287,3.158166666666665,0.8000681521211339
shuffle,Y1,Random forest,12,8.019545369816276,6.1777604166666675,0.5014563995108026
shuffle,Y1,Random forest,13,7.886207835025245,5.774501041666668,0.5118460094951272
shuffle,Y1,Random forest,14,2.8478462964635667,2.4848359375,0.8148881108041834
shuffle,Y1,Random forest,15,2.7546719997200517,2.0312427083333344,0.9360796085878031
shuffle,Y1,Random forest,16,1.7646756609454708,1.574606250000001,0.9735517320771097
shuffle,Y1,Random forest,17,9.780195572883713,8.077350000000001,0.41843935381964215
shuffle,Y1,Random forest,18,1.614719350716399,1.2277662288557982,0.954330988646687
shuffle,Y1,Random forest,19,2.5418948728937916,2.0923765624999993,0.8688674547515924
shuffle,Y1,Gradient boosting,0,2.615706049648831,2.208539971208846,0.8611412682969293
shuffle,Y1,Gradient boosting,1,2.615706049648831,2.208539971208846,0.8611412682969293
shuffle,Y1,Gradient boosting,2,7.682293100422524,5.557587716131713,0.5816231530234497
shuffle,Y1,Gradient boosting,3,3.6737658259610195,3.208454536382589,0.8789119145566356
shuffle,Y1,Gradient boosting,4,3.756515418554317,3.308200002707657,0.5147403372836382
shuffle,Y1,Gradient boosting,5,3.8727943403015987,2.9382776980786987,0.8815418891962301
shuffle,Y1,Gradient boosting,6,7.24131213565824,5.472125951209823,0.25810702307759625
shuffle,Y1,Gradient boosting,7,3.756515418554317,3.308200002707657,0.5147403372836382
shuffle,Y1,Gradient boosting,8,4.368898066146204,4.152812564825297,0.17316018691727386
shuffle,Y1,Gradient boosting,9,5.301976449837151,3.695578868472475,0.7339846805012656
shuffle,Y1,Gradient boosting,10,3.413050730922797,2.6050906995634517,0.8926669463321132
shuffle,Y1,Gradient boosting,11,4.5870195596353875,3.5760200290330597,0.7267839398019438
shuffle,Y1,Gradient boosting,12,6.610074896588233,4.8334429410363215,0.6612990543861479
shuffle,Y1,Gradient boosting,13,7.094158626498637,5.43439019252276,0.604977168768186
shuffle,Y1,Gradient boosting,14,3.669265443862805,3.4604593195080953,0.6927021774374296
shuffle,Y1,Gradient boosting,15,3.4079508924523054,2.7852814548659217,0.9021667924074686
shuffle,Y1,Gradient boosting,16,1.771969389618444,1.5533415833460207,0.9733326491562561
shuffle,Y1,Gradient boosting,17,8.298655275913466,6.8791328174999125,0.581288026073209
shuffle,Y1,Gradient boosting,18,1.5788357116089722,1.1932538290594714,0.9563382244690123
shuffle,Y1,Gradient boosting,19,2.615706049648831,2.208539971208846,0.8611412682969293
shuffle,Y1,Ridge + phys,0,2.6821656752983443,2.066682308899749,0.8539954058850041
shuffle,Y1,Ridge + phys,1,2.6821656752983443,2.066682308899749,0.8539954058850041
shuffle,Y1,Ridge + phys,2,5.871680164446189,4.200948973636209,0.7555946661670878
shuffle,Y1,Ridge + phys,3,2.9522832579997735,2.6411218176768596,0.9218022026776418
shuffle,Y1,Ridge + phys,4,3.0036826535321204,2.286511264998831,0.6897498976075307
shuffle,Y1,Ridge + phys,5,2.2000663536129967,1.9058830065062675,0.9617714794784669
shuffle,Y1,Ridge + phys,6,2.5802808383444766,1.8985988029457161,0.9058022177222983
shuffle,Y1,Ridge + phys,7,3.0036826535321204,2.286511264998831,0.6897498976075307
shuffle,Y1,Ridge + phys,8,3.182623780968453,2.7661741047611828,0.5612186467178213
shuffle,Y1,Ridge + phys,9,6.7790856836457865,5.910753713587902,0.5651161243639649
shuffle,Y1,Ridge + phys,10,2.356151455744848,2.0269565199508537,0.9488489673271744
shuffle,Y1,Ridge + phys,11,4.616718342104802,3.374736121586729,0.7232345971464972
shuffle,Y1,Ridge + phys,12,5.836338308987986,4.532802552455357,0.7359509769902246
shuffle,Y1,Ridge + phys,13,7.454599243480278,6.132663783399615,0.5638167250742946
shuffle,Y1,Ridge + phys,14,2.687565204779094,2.1361669435570185,0.8351385023503752
shuffle,Y1,Ridge + phys,15,2.9025392394179828,2.4415712907131666,0.9290330998011465
shuffle,Y1,Ridge + phys,16,3.4468165434106894,2.9433898124960827,0.8990970690259248
shuffle,Y1,Ridge + phys,17,5.641772980383958,4.447139928262664,0.8064776430289663
shuffle,Y1,Ridge + phys,18,3.0083757766597543,2.6203209596767767,0.8414772212404475
shuffle,Y1,Ridge + phys,19,2.6821656752983443,2.066682308899749,0.8539954058850041
shuffle,Y1,GBM + phys,0,2.088493386576665,1.781326338757853,0.911475898126768
shuffle,Y1,GBM + phys,1,2.088493386576665,1.781326338757853,0.911475898126768
shuffle,Y1,GBM + phys,2,7.723798959048073,5.428975643356289,0.5770901314240381
shuffle,Y1,GBM + phys,3,3.958467198733768,3.1930236095066626,0.8594170754407787
shuffle,Y1,GBM + phys,4,5.239098226621157,4.5444610147160445,0.05611969853594123
shuffle,Y1,GBM + phys,5,3.1106166533117374,2.521721282618637,0.9235796684180702
shuffle,Y1,GBM + phys,6,5.648229795174247,4.334841591875455,0.548631301240719
shuffle,Y1,GBM + phys,7,5.239098226621157,4.5444610147160445,0.05611969853594123
shuffle,Y1,GBM + phys,8,4.009060997463918,3.843442671658174,0.30375372568408776
shuffle,Y1,GBM + phys,9,4.59031587263408,3.105223248722595,0.8006041099849092
shuffle,Y1,GBM + phys,10,5.381100262448012,3.8538067698782505,0.7331973331612363
shuffle,Y1,GBM + phys,11,4.47911288611858,3.4869887219812985,0.7394872061594072
shuffle,Y1,GBM + phys,12,7.381344482719429,5.552077699499179,0.5776479596899613
shuffle,Y1,GBM + phys,13,7.1657705334549515,4.6254290659315105,0.5969618091198583
shuffle,Y1,GBM + phys,14,2.4105199900265823,2.0637147357658843,0.8673758248019542
shuffle,Y1,GBM + phys,15,5.080659447852065,4.0191454400784155,0.7825598156830795
shuffle,Y1,GBM + phys,16,2.4951596038187573,1.9458222427870357,0.9471233289599715
shuffle,Y1,GBM + phys,17,8.039964975647933,6.330263240921538,0.6069857971171635
shuffle,Y1,GBM + phys,18,1.813702279700038,1.6416416852632858,0.9423818237028307
shuffle,Y1,GBM + phys,19,2.088493386576665,1.781326338757853,0.911475898126768
shuffle,Y1,Hybrid (Ridge->GBM) + phys,0,2.435962922323515,1.9266206607407905,0.879569450534887
shuffle,Y1,Hybrid (Ridge->GBM) + phys,1,2.435962922323515,1.9266206607407905,0.879569450534887
shuffle,Y1,Hybrid (Ridge->GBM) + phys,2,6.783837702338251,5.0312535191869125,0.6737603099920115
shuffle,Y1,Hybrid (Ridge->GBM) + phys,3,2.4536735929470135,2.16321170461847,0.9459852897824207
shuffle,Y1,Hybrid (Ridge->GBM) + phys,4,2.9191395060129626,2.6060311057855503,0.7069690173282195
shuffle,Y1,Hybrid (Ridge->GBM) + phys,5,1.4475873267132353,1.2820509718741437,0.9834497149998889
shuffle,Y1,Hybrid (Ridge->GBM) + phys,6,3.631733995696335,3.4715650847395003,0.8133900543275397
shuffle,Y1,Hybrid (Ridge->GBM) + phys,7,2.9191395060129626,2.6060311057855503,0.7069690173282195
shuffle,Y1,Hybrid (Ridge->GBM) + phys,8,3.063659706838464,2.9639601963362967,0.5934082093520596
shuffle,Y1,Hybrid (Ridge->GBM) + phys,9,3.0728100575269206,2.2846713565607444,0.9106483677697715
shuffle,Y1,Hybrid (Ridge->GBM) + phys,10,1.5666688794473835,1.239752349392135,0.9773846959256383
shuffle,Y1,Hybrid (Ridge->GBM) + phys,11,4.576100344018569,3.1786227374153495,0.7280831512893419
shuffle,Y1,Hybrid (Ridge->GBM) + phys,12,6.565161741871931,4.989161370464165,0.6658861271974856
shuffle,Y1,Hybrid (Ridge->GBM) + phys,13,7.778212753011444,6.365788065572633,0.5251241946746366
shuffle,Y1,Hybrid (Ridge->GBM) + phys,14,3.521865694731244,3.0342313420136793,0.7168954809779438
shuffle,Y1,Hybrid (Ridge->GBM) + phys,15,2.1151355291222758,1.6179620838661932,0.9623143476623924
shuffle,Y1,Hybrid (Ridge->GBM) + phys,16,3.681335861521217,3.187424268802438,0.8848992039884545
shuffle,Y1,Hybrid (Ridge->GBM) + phys,17,6.723264438961512,5.1206410893024055,0.7251724171978121
shuffle,Y1,Hybrid (Ridge->GBM) + phys,18,3.4041649156012026,3.147618317451251,0.7970221288983897
shuffle,Y1,Hybrid (Ridge->GBM) + phys,19,2.435962922323515,1.9266206607407905,0.879569450534887
shuffle,Y2,Ridge,0,4.757019473815914,3.702481252044654,0.38500011264538203
shuffle,Y2,Ridge,1,4.757019473815914,3.702481252044654,0.38500011264538203
shuffle,Y2,Ridge,2,6.266380466759847,4.677334801860056,0.6881856165498592
shuffle,Y2,Ridge,3,2.028723045176655,1.6200635763310587,0.9548193316403379
shuffle,Y2,Ridge,4,4.527153639708715,3.600672455639303,-0.005016973247783385
shuffle,Y2,Ridge,5,1.5640911468867298,1.3158302354362819,0.9758010237246277
shuffle,Y2,Ridge,6,4.359923676492394,3.2025464456384145,0.689927550539664
shuffle,Y2,Ridge,7,4.527153639708715,3.600672455639303,-0.005016973247783385
shuffle,Y2,Ridge,8,2.5568325885439327,1.9876967332536595,0.5828248768779232
shuffle,Y2,Ridge,9,9.34843915779063,8.090679017103945,-0.02711212324495338
shuffle,Y2,Ridge,10,1.836436124291408,1.5112013526628487,0.9591100734238346
shuffle,Y2,Ridge,11,4.229769805560427,3.111439936977287,0.739696037812456
shuffle,Y2,Ridge,12,6.89730911529416,4.923451169456203,0.5959841050608328
shuffle,Y2,Ridge,13,7.295260349968126,5.759280988516788,0.541210964196938
shuffle,Y2,Ridge,14,4.528909094968127,4.023304641604672,0.4737344441952268
shuffle,Y2,Ridge,15,1.8415464488590116,1.2738285803618201,0.9654400559201007
shuffle,Y2,Ridge,16,6.062628849995975,5.651843387054101,0.6363169703031537
shuffle,Y2,Ridge,17,5.785039619457961,3.7703483698400224,0.7777007925911676
shuffle,Y2,Ridge,18,4.397317115628949,3.9158682303060104,0.6668224252197248
shuffle,Y2,Ridge,19,4.757019473815914,3.702481252044654,0.38500011264538203
shuffle,Y2,kNN,0,4.044655590966558,3.4041145833333335,0.555401215625098
shuffle,Y2,kNN,1,4.044655590966558,3.4041145833333335,0.555401215625098
shuffle,Y2,kNN,2,7.804385619370261,5.723559027777777,0.5163401186338588
shuffle,Y2,kNN,3,3.7057057829159934,3.24234375,0.8492528894654228
shuffle,Y2,kNN,4,3.946825941383034,3.4565868055555558,0.23613101425729166
shuffle,Y2,kNN,5,3.040203110219593,2.478538194444444,0.9085722407420183
shuffle,Y2,kNN,6,3.2214326221246488,2.4341874999999997,0.8307208337970853
shuffle,Y2,kNN,7,3.946825941383034,3.4565868055555558,0.23613101425729166
shuffle,Y2,kNN,8,4.506904187173969,3.9578819444444444,-0.29619537531630025
shuffle,Y2,kNN,9,4.931430446869835,3.9145173611111113,0.7141847035267244
shuffle,Y2,kNN,10,3.8061061451188563,3.1850520833333333,0.8243587707118745
shuffle,Y2,kNN,11,5.200763367890938,3.8865868055555546,0.6064666871892144
shuffle,Y2,kNN,12,7.833937391750738,6.284809027777778,0.47880617199006736
shuffle,Y2,kNN,13,7.699148591263179,5.6550462962962955,0.4890047741196806
shuffle,Y2,kNN,14,3.843023742590086,3.1909861111111115,0.6210657381411028
shuffle,Y2,kNN,15,3.5713076632972864,2.777131944444444,0.8700242872674598
shuffle,Y2,kNN,16,4.034256269709617,3.6872222222222217,0.8389621224882662
shuffle,Y2,kNN,17,7.350570981223159,4.425486111111111,0.641105014407164
shuffle,Y2,kNN,18,3.3355642423456353,2.927354166666667,0.8082926300058048
shuffle,Y2,kNN,19,4.044655590966558,3.4041145833333335,0.555401215625098
shuffle,Y2,SVR (RBF),0,3.306007099954688,2.642056970464535,0.7029615011051846
shuffle,Y2,SVR (RBF),1,3.306007099954688,2.642056970464535,0.7029615011051846
shuffle,Y2,SVR (RBF),2,6.458576440533133,4.801624129398751,0.668764990275631
shuffle,Y2,SVR (RBF),3,3.8532761783168383,2.9605441621173534,0.8370075825170774
shuffle,Y2,SVR (RBF),4,3.521963541940294,3.010937830797664,0.39173526090237054
shuffle,Y2,SVR (RBF),5,2.085680522860738,1.7607791111807132,0.9569702870309804
shuffle,Y2,SVR (RBF),6,2.529352542219636,1.7995264449384933,0.8956423867011454
shuffle,Y2,SVR (RBF),7,3.521963541940294,3.010937830797664,0.39173526090237054
shuffle,Y2,SVR (RBF),8,4.590943633577592,3.996393782390449,-0.344985920141196
shuffle,Y2,SVR (RBF),9,2.8812275030540255,2.2337655581836144,0.9024348431590112
shuffle,Y2,SVR (RBF),10,3.7892677891356707,3.2139216350322806,0.8259094197821462
shuffle,Y2,SVR (RBF),11,2.7038688046783674,1.9549066040940872,0.8936301507142943
shuffle,Y2,SVR (RBF),12,6.5089768787164335,4.483233650710229,0.6401972079970286
shuffle,Y2,SVR (RBF),13,6.3162432651690805,4.397850604149068,0.6560865696304289
shuffle,Y2,SVR (RBF),14,3.0277550738629957,2.7464835665332497,0.7647881377519932
shuffle,Y2,SVR (RBF),15,3.943108273963157,3.028187247257396,0.8415526130682159
shuffle,Y2,SVR (RBF),16,4.383748786394893,3.6101902673905215,0.8098517249698199
shuffle,Y2,SVR (RBF),17,5.93583838657904,3.4652223460374856,0.765960384970078
shuffle,Y2,SVR (RBF),18,4.228704360742312,3.706635304692855,0.6918835840810778
shuffle,Y2,SVR (RBF),19,3.306007099954688,2.642056970464535,0.7029615011051846
shuffle,Y2,Random forest,0,3.842189643682466,3.203346874999996,0.5987982933611855
shuffle,Y2,Random forest,1,3.842189643682466,3.203346874999996,0.5987982933611855
shuffle,Y2,Random forest,2,7.760825103450931,5.724362500000001,0.5217241879730954
shuffle,Y2,Random forest,3,3.7742126920930508,3.115730729166669,0.8436276843326243
shuffle,Y2,Random forest,4,3.9753545220884434,3.286312239583331,0.22504825686047303
shuffle,Y2,Random forest,5,3.739323827911328,2.9388994791666683,0.8616882640880285
shuffle,Y2,Random forest,6,4.48908368319053,3.8571777777777734,0.6712840258676747
shuffle,Y2,Random forest,7,3.975354522088444,3.28631223958333,0.22504825686047292
shuffle,Y2,Random forest,8,4.504506235351764,3.908721354166668,-0.2948164300128082
shuffle,Y2,Random forest,9,4.8762265128087225,3.699459895833329,0.7205478942318047
shuffle,Y2,Random forest,10,3.7309165818019308,2.989878645833334,0.8312298041783677
shuffle,Y2,Random forest,11,4.717093829773507,3.598414816900167,0.6762600140194146
shuffle,Y2,Random forest,12,7.811076432237775,6.218836979166668,0.4818436243642774
shuffle,Y2,Random forest,13,7.77666031895815,5.681932291666662,0.47866401991005236
shuffle,Y2,Random forest,14,3.532660793934221,3.083321874999997,0.679799787228268
shuffle,Y2,Random forest,15,5.457740023080182,4.228180729166667,0.6964478137850434
shuffle,Y2,Random forest,16,3.8391095323194198,3.1244453125000002,0.8541648950022183
shuffle,Y2,Random forest,17,9.50213746836238,7.7329296875,0.4002533134790546
shuffle,Y2,Random forest,18,3.2735918198382645,2.6941104887072815,0.81535002898497
shuffle,Y2,Random forest,19,3.842189643682466,3.203346874999996,0.5987982933611855
shuffle,Y2,Gradient boosting,0,4.0690850805899395,3.3846455508404367,0.550014293536913
shuffle,Y2,Gradient boosting,1,4.0690850805899395,3.3846455508404367,0.550014293536913
shuffle,Y2,Gradient boosting,2,7.741115321085171,5.682914839777124,0.5241504098667287
shuffle,Y2,Gradient boosting,3,4.814506851124625,3.749074126298733,0.745545143542915
shuffle,Y2,Gradient boosting,4,6.02910018325304,5.0789040570681365,-0.7824933986722884
shuffle,Y2,Gradient boosting,5,1.7145463793693525,1.384043741542244,0.9709215433052482
shuffle,Y2,Gradient boosting,6,5.895542724289671,5.062790309227646,0.4330392573626827
shuffle,Y2,Gradient boosting,7,6.02910018325304,5.0789040570681365,-0.7824933986722884
shuffle,Y2,Gradient boosting,8,4.676631394741644,4.238796593100405,-0.39566149957316954
shuffle,Y2,Gradient boosting,9,5.322490892083377,3.9135586230109602,0.6670572997398354
shuffle,Y2,Gradient boosting,10,3.0890286266062623,2.5962211908085084,0.884306611145375
shuffle,Y2,Gradient boosting,11,3.915338057441921,3.2005291856564484,0.776958413789429
shuffle,Y2,Gradient boosting,12,7.193674943171752,5.491248528049667,0.5605184062671817
shuffle,Y2,Gradient boosting,13,6.8190066216359675,5.258230643127334,0.5991575905058711
shuffle,Y2,Gradient boosting,14,3.53172208182625,3.1718782116317796,0.6799699342642602
shuffle,Y2,Gradient boosting,15,4.223295146626997,3.3132364598087425,0.818234881934312
shuffle,Y2,Gradient boosting,16,3.6194943917021414,3.217350377459836,0.8703725765782907
shuffle,Y2,Gradient boosting,17,8.072265974772941,6.532284559448381,0.5671711853490201
shuffle,Y2,Gradient boosting,18,3.267528336722367,2.681687169231673,0.8160334282222166
shuffle,Y2,Gradient boosting,19,4.0690850805899395,3.3846455508404367,0.550014293536913
shuffle,Y2,Ridge + phys,0,3.4405990831994386,2.7510909609415974,0.6782835141544135
shuffle,Y2,Ridge + phys,1,3.4405990831994386,2.7510909609415974,0.6782835141544135
shuffle,Y2,Ridge + phys,2,6.216363304761783,4.534637197430835,0.6931434476447997
shuffle,Y2,Ridge + phys,3,2.896866003071932,2.3078692642419476,0.9078778765517704
shuffle,Y2,Ridge + phys,4,3.146596157095503,2.450230213466559,0.5144824363869945
shuffle,Y2,Ridge + phys,5,1.634627476331686,1.4143691142992971,0.9735691903218991
shuffle,Y2,Ridge + phys,6,3.0171547722466485,2.2281947697460724,0.8515088452794091
shuffle,Y2,Ridge + phys,7,3.146596157095503,2.450230213466559,0.5144824363869945
shuffle,Y2,Ridge + phys,8,3.394259342131986,2.8867070502329604,0.2648027723510916
shuffle,Y2,Ridge + phys,9,7.602734737875967,6.474767240749746,0.3206723060481913
shuffle,Y2,Ridge + phys,10,2.888238229802218,2.365458651341726,0.8988581947848615
shuffle,Y2,Ridge + phys,11,4.5145777026679434,3.2904089563503516,0.7034611643409296
shuffle,Y2,Ridge + phys,12,6.084871990821656,4.312434274946525,0.6855569761964344
shuffle,Y2,Ridge + phys,13,7.83189795423329,6.242664089527462,0.4712316159170389
shuffle,Y2,Ridge + phys,14,3.3703154987082105,3.069274800357393,0.7085534932595958
shuffle,Y2,Ridge + phys,15,2.892500033583711,2.198413320145657,0.9147382148077098
shuffle,Y2,Ridge + phys,16,4.718338028843292,4.145300220256633,0.7797179167653105
shuffle,Y2,Ridge + phys,17,5.59608718703615,3.7064017998047283,0.7919852249964731
shuffle,Y2,Ridge + phys,18,3.9865782122995377,3.5681435169937568,0.726157552316512
shuffle,Y2,Ridge + phys,19,3.4405990831994386,2.7510909609415974,0.6782835141544135
shuffle,Y2,GBM + phys,0,3.844148288168609,3.218334041086832,0.5983891455178083
shuffle,Y2,GBM + phys,1,3.844148288168609,3.218334041086832,0.5983891455178083
shuffle,Y2,GBM + phys,2,7.811903407989461,5.812211227689825,0.5154078725371342
shuffle,Y2,GBM + phys,3,5.246850235771827,4.462118041843077,0.6977930400687793
shuffle,Y2,GBM + phys,4,3.593466990977621,3.0206998520257557,0.3667863780810241
shuffle,Y2,GBM + phys,5,1.6758150365843774,1.440289419013135,0.9722204603893165
shuffle,Y2,GBM + phys,6,4.198620673806423,3.5030565683098946,0.712446481222589
shuffle,Y2,GBM + phys,7,3.593466990977621,3.0206998520257557,0.3667863780810241
shuffle,Y2,GBM + phys,8,4.094995674205253,3.641669683473342,-0.0700909997904351
shuffle,Y2,GBM + phys,9,5.172646749678821,3.6294831879638267,0.6855400907444423
shuffle,Y2,GBM + phys,10,4.639651761297355,3.920843356779097,0.7390030415572175
shuffle,Y2,GBM + phys,11,5.458951693034666,4.250285547739737,0.5664234195678397
shuffle,Y2,GBM + phys,12,7.095441828741016,5.074189010582823,0.5724391230534074
shuffle,Y2,GBM + phys,13,6.707434350216074,4.473378011235158,0.6121674095523106
shuffle,Y2,GBM + phys,14,2.869727821446548,2.4049334005555534,0.788700166180426
shuffle,Y2,GBM + phys,15,4.881419613823857,3.959847601285949,0.7571713307121579
shuffle,Y2,GBM + phys,16,3.2808349679551636,2.606375060038857,0.893495037719402
shuffle,Y2,GBM + phys,17,7.498020775429135,5.478012562767095,0.6265619918808136
shuffle,Y2,GBM + phys,18,3.4197374711017563,2.724958776212246,0.7984950475456956
shuffle,Y2,GBM + phys,19,3.844148288168609,3.218334041086832,0.5983891455178083
shuffle,Y2,Hybrid (Ridge->GBM) + phys,0,3.464517442320986,2.795805876579158,0.6737949486060983
shuffle,Y2,Hybrid (Ridge->GBM) + phys,1,3.464517442320986,2.795805876579158,0.6737949486060983
shuffle,Y2,Hybrid (Ridge->GBM) + phys,2,7.068775283425774,5.275835017275363,0.6032189007222741
shuffle,Y2,Hybrid (Ridge->GBM) + phys,3,2.356826999056152,1.5931958803806643,0.9390234939990102
shuffle,Y2,Hybrid (Ridge->GBM) + phys,4,3.265351463009028,2.6097677864596953,0.4771431582288339
shuffle,Y2,Hybrid (Ridge->GBM) + phys,5,1.1255417780203454,0.9328519300702999,0.987468700269488
shuffle,Y2,Hybrid (Ridge->GBM) + phys,6,3.9827758209928494,3.5816799055801645,0.7412519232266479
shuffle,Y2,Hybrid (Ridge->GBM) + phys,7,3.265351463009028,2.6097677864596953,0.4771431582288339
shuffle,Y2,Hybrid (Ridge->GBM) + phys,8,3.5988942661926497,3.005835765706847,0.17348261750714067
shuffle,Y2,Hybrid (Ridge->GBM) + phys,9,2.6529210906265894,1.8809515497026377,0.9172842316399841
shuffle,Y2,Hybrid (Ridge->GBM) + phys,10,2.493620582381106,1.7940321727353954,0.9246079722349925
shuffle,Y2,Hybrid (Ridge->GBM) + phys,11,4.038259908982435,2.9919282515076318,0.7627338144859259
shuffle,Y2,Hybrid (Ridge->GBM) + phys,12,6.587600904631502,4.805074297159613,0.6314523617917411
shuffle,Y2,Hybrid (Ridge->GBM) + phys,13,8.067644571756858,6.338155675043307,0.43891978715733493
shuffle,Y2,Hybrid (Ridge->GBM) + phys,14,4.176644047870189,3.492871742171993,0.5524179430036877
shuffle,Y2,Hybrid (Ridge->GBM) + phys,15,2.5912525663468227,1.8461971881001034,0.9315730525059057
shuffle,Y2,Hybrid (Ridge->GBM) + phys,16,5.154024827906411,4.40525209647551,0.7371584102664994
shuffle,Y2,Hybrid (Ridge->GBM) + phys,17,6.708996525329417,4.486643004069475,0.7010212148079534
shuffle,Y2,Hybrid (Ridge->GBM) + phys,18,4.507306015894137,3.827689869055782,0.6499466165239154
shuffle,Y2,Hybrid (Ridge->GBM) + phys,19,3.464517442320986,2.795805876579158,0.6737949486060983
