protocol,fold,nn_dist_mean,nn_dist_median,frac_test_shape_in_train,n_train,n_test
random,0,0.6457969228916252,0.6451822708364093,1.0,704,64
random,1,0.6597305824779381,0.6451822708364093,1.0,704,64
random,2,0.666593673952915,0.6451822708364093,1.0,704,64
random,3,0.6488750073333568,0.6451822708364093,1.0,704,64
random,4,0.6564507826555992,0.6451822708364093,1.0,704,64
random,5,0.658843336570792,0.6451822708364093,1.0,704,64
random,6,0.6481860667611334,0.6451822708364093,1.0,704,64
random,7,0.6604840744490137,0.6451822708364093,1.0,704,64
random,8,0.6466989918967158,0.6451822708364093,1.0,704,64
random,9,0.6473582862730505,0.6451822708364093,1.0,704,64
random,10,0.6550877246090967,0.6451822708364093,1.0,704,64
random,11,0.6607061951059308,0.6451822708364093,1.0,704,64
random,12,0.663544914964591,0.6451822708364093,1.0,704,64
random,13,0.6456432598778212,0.6451822708364093,1.0,704,64
random,14,0.6500581662158511,0.6451822708364093,1.0,704,64
random,15,0.6471599809381275,0.6451822708364093,1.0,704,64
random,16,0.6526157961971076,0.6451822708364093,1.0,704,64
random,17,0.6534583997831349,0.6451822708364093,1.0,704,64
random,18,0.6512675612485496,0.6451822708364093,1.0,704,64
random,19,0.6468526549105197,0.6451822708364093,1.0,704,64
random,20,0.6570192894828777,0.6451822708364093,1.0,704,64
random,21,0.659517454045071,0.6451822708364093,1.0,704,64
random,22,0.6601767484214058,0.6451822708364093,1.0,704,64
random,23,0.6623289995750155,0.6451822708364093,1.0,704,64
loso,0,1.1278445334871476,1.1278445334871476,0.0,704,64
loso,1,0.9116278088956913,0.9116278088956914,0.0,704,64
loso,2,0.7324179858125613,0.7324179858125613,0.0,704,64
loso,3,0.6883257891902684,0.6883257891902684,0.0,704,64
loso,4,0.6883257891902684,0.6883257891902684,0.0,704,64
loso,5,1.815141134333174,1.8151411343331738,0.0,704,64
loso,6,0.6883257891902687,0.6883257891902688,0.0,704,64
loso,7,0.6550167037198616,0.6550167037198615,0.0,704,64
loso,8,0.6550167037198616,0.6550167037198615,0.0,704,64
loso,9,0.6550167037198616,0.6550167037198615,0.0,704,64
loso,10,0.6550167037198616,0.6550167037198615,0.0,704,64
loso,11,0.6550167037198616,0.6550167037198616,0.0,704,64
shuffle,0,0.8237290087990924,0.6883257891902684,0.0,576,192
shuffle,1,0.8237290087990924,0.6883257891902684,0.0,576,192
shuffle,2,0.6661197322099973,0.6550167037198615,0.0,576,192
shuffle,3,1.1272618823162421,0.9116278088956914,0.0,576,192
shuffle,4,1.225134551210961,1.1278445334871476,0.0,576,192
shuffle,5,1.0417248472576321,0.6550167037198615,0.0,576,192
shuffle,6,0.849529436163326,0.7324179858125613,0.0,576,192
shuffle,7,1.225134551210961,1.1278445334871476,0.0,576,192
shuffle,8,1.2108516091763633,1.084995707383354,0.0,576,192
shuffle,9,1.0639309042379037,0.6883257891902688,0.0,576,192
shuffle,10,1.0528278757477678,0.6883257891902684,0.0,576,192
shuffle,11,0.7516567672686071,0.6883257891902684,0.0,576,192
shuffle,12,0.7516567672686071,0.6883257891902684,0.0,576,192
shuffle,13,0.8237290087990924,0.6883257891902684,0.0,576,192
shuffle,14,1.0309648815489107,1.1278445334871476,0.0,576,192
shuffle,15,1.1272618823162421,0.9116278088956914,0.0,576,192
shuffle,16,1.0417248472576321,0.6550167037198616,0.0,576,192
shuffle,17,0.8945879539673786,0.6883257891902684,0.0,576,192
shuffle,18,0.6808171310840949,0.6550167037198616,0.0,576,192
shuffle,19,0.8237290087990924,0.6883257891902684,0.0,576,192
