shape,X1,X2,X3,X4,X5,Y1,Y2
1,0.98,514.5,294.0,110.25,7.0,27.65,29.22
2,0.9,563.5,318.5,122.5,7.0,31.63,33.82
3,0.86,588.0,294.0,147.0,7.0,28.55,30.91
4,0.82,612.5,318.5,147.0,7.0,25.56,28.03
5,0.79,637.0,343.0,147.0,7.0,38.61,40.24
6,0.76,661.5,416.5,122.5,7.0,35.66,36.41
7,0.74,686.0,245.0,220.5,3.5,11.89,14.81
8,0.71,710.5,269.5,220.5,3.5,12.04,15.04
9,0.69,735.0,294.0,220.5,3.5,12.39,15.24
10,0.66,759.5,318.5,220.5,3.5,12.82,15.87
11,0.64,784.0,343.0,220.5,3.5,16.62,20.23
12,0.62,808.5,367.5,220.5,3.5,14.28,15.24
