target,protocol,model,RMSE_mean,RMSE_std,MAE_mean,MAE_std,R2_mean,R2_std
Y1,loso,GBM + phys,4.4073527103171175,4.0142997015715896,4.295060874527246,4.039623427837299,-2.6170978891196746,5.085728120301466
Y1,loso,Gradient boosting,3.8617079636037386,3.754474830982553,3.7756680196930934,3.79345629603219,-2.4352483334800348,6.092574211908648
Y1,loso,Hybrid (Ridge->GBM) + phys,3.4028656967894615,2.858110499248762,3.2558282773948126,2.9195713091146707,-1.0670499022387245,2.949114886937536
Y1,loso,Random forest,4.144404702531953,4.078063372685795,4.021629888923863,4.140477286494388,-2.999492845119986,6.776879229598933
Y1,loso,Ridge,3.228568651016884,2.4661387370655383,2.9189970580344897,2.518003951084006,-0.599604374173823,2.2028045959499734
Y1,loso,Ridge + phys,3.4016394758966286,2.68156767142496,3.1598452389728866,2.719377163956468,-0.8551505658685593,2.6277976294043706
Y1,loso,SVR (RBF),2.952393819374494,2.426017848002224,2.681388492808132,2.4956902069418607,-0.37583428397050933,2.1360917138533453
Y1,loso,kNN,3.6643797902666306,3.5638142358731013,3.4431464120370365,3.630018173704289,-1.3683835879162716,4.182877752806316
Y1,random,GBM + phys,0.39057232038484346,0.0610936087590014,0.2760589905737202,0.03260188062301487,0.9984438085189485,0.000445395534049989
Y1,random,Gradient boosting,0.4059949930972513,0.05781488733898043,0.291382815252363,0.03159541710672834,0.9983161798502652,0.000468884652623609
Y1,random,Hybrid (Ridge->GBM) + phys,0.5254984293346939,0.0828095314544811,0.397457885574837,0.04787820525607476,0.9971248806730589,0.0010814828217778072
Y1,random,Random forest,0.4691282884558827,0.06909878428416472,0.31457167968750005,0.04413250025580055,0.9977378633794448,0.0007496870808174607
Y1,random,Ridge,2.931980167200281,0.3202786234975749,2.0878227846021615,0.28849295217127796,0.9127799770965718,0.018375144506838508
Y1,random,Ridge + phys,2.198771125233208,0.2844211478796125,1.6086785551817993,0.2330072103265137,0.9504410788392104,0.013241014483430884
Y1,random,SVR (RBF),1.8803467114482506,0.4231442143923844,1.063783866190749,0.2556593531819685,0.9626328972312539,0.016251369609115544
Y1,random,kNN,2.2096823644579278,0.30751853238983595,1.4409664351851852,0.2281050901306154,0.9500033135205256,0.013746955596500096
Y1,shuffle,GBM + phys,4.501575027556224,2.0180499395811027,3.518950934777493,1.4252211024410373,0.6826732001020126,0.27428647072373435
Y1,shuffle,Gradient boosting,4.396608471574146,1.9944732847761872,3.529363506028873,1.4764090495278652,0.7055894152781141,0.22274410577373066
Y1,shuffle,Hybrid (Ridge->GBM) + phys,3.6765690159671736,1.847797057759856,3.0034919325694895,1.3985036935723305,0.7978035040148443,0.13346796063676725
Y1,shuffle,Random forest,4.0020810158816404,2.477899999114227,3.144939178434345,1.8908202256354865,0.7681468420872286,0.1846109498956914
Y1,shuffle,Ridge,4.174161005240813,1.9510507360872873,3.253042199493122,1.6999494042576624,0.7256832869425184,0.20046581911887967
Y1,shuffle,Ridge + phys,3.778537975347317,1.6183610904199124,3.0376148893954658,1.3111148861795585,0.7947933075991203,0.129019327905731
Y1,shuffle,SVR (RBF),3.8717633930173085,1.2597500252500446,3.002977585521348,0.9479204311756402,0.7584883421948468,0.22120486373912723
Y1,shuffle,kNN,4.284858759874098,1.957030950160452,3.3005651041666666,1.3698751575094508,0.729030195587713,0.18588967922081778
Y2,loso,GBM + phys,4.812128852017857,3.6710632651338595,4.606206594963776,3.6615406193074747,-5.697537928448643,8.602520908900546
Y2,loso,Gradient boosting,4.663632438908023,3.727785181066568,4.459766197604452,3.6762943732843367,-7.114409259106416,15.932306856993575
Y2,loso,Hybrid (Ridge->GBM) + phys,3.7954645969268905,2.9041977584358976,3.492685757738021,2.808850353035055,-3.036434609443321,5.949302256343279
Y2,loso,Random forest,4.824187371685553,3.6855915100899557,4.648910153902062,3.6556088604710433,-5.917975225470616,10.065192125584941
Y2,loso,Ridge,3.5008382841096495,2.691510754189133,3.2045973578635594,2.566812429590146,-2.0096685901392024,4.007640062342471
Y2,loso,Ridge + phys,3.5749113909647865,2.858074390963495,3.256183369096488,2.7481862611277896,-2.377965359281415,4.512635750488647
Y2,loso,SVR (RBF),3.3108577298171924,2.6557614620012506,2.949811001131966,2.552845444629149,-1.859160101068694,3.9175819538976504
Y2,loso,kNN,4.023829851650455,3.3923541539364135,3.7983272569444444,3.329411551242305,-2.7318403585332955,4.227868316391178
Y2,random,GBM + phys,1.1672319624497913,0.15680366909986207,0.7807146908925847,0.08955222931795137,0.9843655752602243,0.003947951084870581
Y2,random,Gradient boosting,1.2468074313314652,0.12859598559039667,0.8640368063578566,0.09578649554963035,0.982272373193544,0.0032482857789593203
Y2,random,Hybrid (Ridge->GBM) + phys,1.6303740501996986,0.16021462372865003,1.1101138543690603,0.13156971881447063,0.9697051619121878,0.005013840177308207
Y2,random,Random forest,1.5946071813880158,0.20200492279667762,0.9912875170510902,0.14900155163905862,0.9706990289048335,0.007667701435797915
Y2,random,Ridge,3.1862711109555573,0.45745329594369116,2.268722555031558,0.33702175899711334,0.8845201556547074,0.02416298543886992
Y2,random,Ridge + phys,2.6943408020766717,0.29625697182161825,1.9083023747195833,0.2539186111579752,0.9175196351985083,0.013211386098056173
Y2,random,SVR (RBF),2.2895646400657914,0.30629306010046475,1.4306115809140818,0.22540270213027036,0.9403409816207725,0.012327336151364634
Y2,random,kNN,2.5711516014874074,0.3807333948871616,1.7914554398148148,0.2973336644895923,0.9246749914597677,0.016704739351394455
Y2,shuffle,GBM + phys,4.638571545377141,1.6181976976754286,3.653902664140081,1.067781296238158,0.6198256852828286,0.22160741486360705
Y2,shuffle,Gradient boosting,4.908082167573817,1.685172108061771,3.990279466241853,1.2717926233926007,0.4801415632783179,0.5139915899418059
Y2,shuffle,Hybrid (Ridge->GBM) + phys,4.101767022119713,1.7850821211700088,3.1932573773845823,1.3573397698714986,0.6833616101209232,0.20231100580656813
Y2,shuffle,Random forest,4.913122141516822,1.7986677137365108,3.9389533833359267,1.3393105918932,0.5742280160618294,0.27878311827581054
Y2,shuffle,Ridge,4.616198615326975,2.0128458762547736,3.6571753066907866,1.6879284722658967,0.5682714268125737,0.3133840572777839
Y2,shuffle,Ridge + phys,4.163020001910267,1.672034947715632,3.2949388788091505,1.3096135841922165,0.6877825103409628,0.19130997658475402
Y2,shuffle,SVR (RBF),4.009925841177429,1.3312876413940482,3.105365549354774,0.870928474620691,0.6849024493814013,0.2848936070672937
Y2,shuffle,kNN,4.6956179409764776,1.6105801238448256,3.74481099537037,1.0485498926043355,0.591971364127966,0.2861891386289645
