protocol,rep,fold,frac_test_group_in_train,n_test
random,0,0,0.7475728155339806,103
random,0,1,0.7475728155339806,103
random,0,2,0.7572815533980582,103
random,0,3,0.6893203883495146,103
random,0,4,0.8543689320388349,103
random,0,5,0.8058252427184466,103
random,0,6,0.7475728155339806,103
random,0,7,0.7184466019417476,103
random,0,8,0.6990291262135923,103
random,0,9,0.7475728155339806,103
random,1,0,0.7378640776699029,103
random,1,1,0.7281553398058253,103
random,1,2,0.7961165048543689,103
random,1,3,0.7572815533980582,103
random,1,4,0.7281553398058253,103
random,1,5,0.8058252427184466,103
random,1,6,0.7669902912621359,103
random,1,7,0.7572815533980582,103
random,1,8,0.7572815533980582,103
random,1,9,0.7378640776699029,103
grouped,0,0,0.0,103
grouped,0,1,0.0,103
grouped,0,2,0.0,103
grouped,0,3,0.0,103
grouped,0,4,0.0,103
grouped,0,5,0.0,103
grouped,0,6,0.0,103
grouped,0,7,0.0,103
grouped,0,8,0.0,103
grouped,0,9,0.0,103
grouped,1,0,0.0,103
grouped,1,1,0.0,103
grouped,1,2,0.0,103
grouped,1,3,0.0,103
grouped,1,4,0.0,103
grouped,1,5,0.0,103
grouped,1,6,0.0,103
grouped,1,7,0.0,103
grouped,1,8,0.0,103
grouped,1,9,0.0,103
