dataset,protocol,target,model,rep,fold,n_test,sse,RMSE,MAE,R2
parkinsons,random,total_UPDRS,Ridge,0,0,588,53849.91338568505,9.569821594460604,7.9644738512365825,0.14260209194713913
parkinsons,random,total_UPDRS,Ridge,0,1,588,56206.913742180324,9.777013314783279,8.176993197706881,0.16626656556977193
parkinsons,random,total_UPDRS,Ridge,0,2,588,53427.78643291688,9.53223910573514,7.838779529970738,0.21129933349721752
parkinsons,random,total_UPDRS,Ridge,0,3,588,48973.88506389805,9.126276358772913,7.517044521892698,0.19857589025529
parkinsons,random,total_UPDRS,Ridge,0,4,588,58031.39510142824,9.934427452649338,8.256794476213498,0.1583567857210908
parkinsons,random,total_UPDRS,Ridge,0,5,587,63700.057552335194,10.41719662907196,8.606260152269913,0.1209121030923177
parkinsons,random,total_UPDRS,Ridge,0,6,587,53163.19260570414,9.51670212996609,7.831664774304542,0.18403000026268912
parkinsons,random,total_UPDRS,Ridge,0,7,587,57633.2976536598,9.908722918214464,8.231334356423233,0.17944660628354214
parkinsons,random,total_UPDRS,Ridge,0,8,587,55290.588563926205,9.705246176460467,8.068589163729108,0.18160283661339782
parkinsons,random,total_UPDRS,Ridge,0,9,587,57509.5550404423,9.898079850996302,8.179816809937995,0.1614408342021474
parkinsons,random,total_UPDRS,kNN,0,0,588,23743.470714972224,6.354530056294275,3.5141083333333336,0.6219566413203699
parkinsons,random,total_UPDRS,kNN,0,1,588,23419.66684861247,6.31105105262164,4.281453420256992,0.6526092970613973
parkinsons,random,total_UPDRS,kNN,0,2,588,21215.714296206792,6.006758423830315,3.9687110166288733,0.6868137513658662
parkinsons,random,total_UPDRS,kNN,0,3,588,23274.26548198469,6.291429420492229,4.109170710506425,0.6191325750545433
parkinsons,random,total_UPDRS,kNN,0,4,588,19661.021706195555,5.782483181577836,3.35324693877551,0.7148514958861885
parkinsons,random,total_UPDRS,kNN,0,5,587,28496.856559953332,6.967539308849533,4.501570054893053,0.606731254815783
parkinsons,random,total_UPDRS,kNN,0,6,587,22896.044594605555,6.245413253172727,3.64551953435548,0.6485823257378787
parkinsons,random,total_UPDRS,kNN,0,7,587,24002.545083296667,6.394544241250998,3.6651653038046565,0.6582640482540447
parkinsons,random,total_UPDRS,kNN,0,8,587,21386.794696305555,6.036063494944445,3.3638903463940943,0.6834381299242005
parkinsons,random,total_UPDRS,kNN,0,9,587,25403.738794560122,6.578543771296884,4.261192750331251,0.6295826320211946
parkinsons,random,total_UPDRS,SVR (RBF),0,0,588,30059.55134511013,7.149943073974201,5.085025352639334,0.5213920539534938
parkinsons,random,total_UPDRS,SVR (RBF),0,1,588,28891.244647187348,7.00961980482121,5.132148292411102,0.5714477984834279
parkinsons,random,total_UPDRS,SVR (RBF),0,2,588,30766.46602365967,7.233527618592813,5.300100268195639,0.5458256109999424
parkinsons,random,total_UPDRS,SVR (RBF),0,3,588,29619.414881340996,7.0974047764026915,5.089912827426464,0.5152985479615014
parkinsons,random,total_UPDRS,SVR (RBF),0,4,588,29491.763129701103,7.082094304963019,5.147764323963786,0.5722738998114667
parkinsons,random,total_UPDRS,SVR (RBF),0,5,587,34010.101020040485,7.6117569131580485,5.5560609326370205,0.5306461355272484
parkinsons,random,total_UPDRS,SVR (RBF),0,6,587,30604.428563158464,7.220596671438012,5.255217554433071,0.5302709573547778
parkinsons,random,total_UPDRS,SVR (RBF),0,7,587,33513.18991358826,7.555945785817173,5.443920624660197,0.522856354964919
parkinsons,random,total_UPDRS,SVR (RBF),0,8,587,30281.290008664408,7.1823759798993,5.081774879835243,0.551784083142373
parkinsons,random,total_UPDRS,SVR (RBF),0,9,587,32132.21260545063,7.39862925347729,5.21571076372612,0.5314733111964154
parkinsons,random,total_UPDRS,Random forest,0,0,588,1576.4142764252147,1.637368822405966,0.6677750629251705,0.9749003439773231
parkinsons,random,total_UPDRS,Random forest,0,1,588,1378.6581985220291,1.5312272203064874,0.6852004404761879,0.9795499635501855
parkinsons,random,total_UPDRS,Random forest,0,2,588,999.6157626500847,1.3038507611026788,0.6324586003401352,0.985243678039353
parkinsons,random,total_UPDRS,Random forest,0,3,588,1312.8887973395008,1.4942570318081139,0.6887852244897955,0.978515473415499
parkinsons,random,total_UPDRS,Random forest,0,4,588,1159.888247559038,1.4044924565388575,0.6349068605442146,0.9831778631002464
parkinsons,random,total_UPDRS,Random forest,0,5,587,1947.81749986982,1.8216086549452422,0.7372986388415675,0.9731192897570974
parkinsons,random,total_UPDRS,Random forest,0,6,587,2651.638107557963,2.125387271077405,0.8827910102214644,0.9593015949592282
parkinsons,random,total_UPDRS,Random forest,0,7,587,2117.0395648512144,1.899089517726686,0.7025108109028931,0.9698586742336032
parkinsons,random,total_UPDRS,Random forest,0,8,587,1340.2437642676155,1.5110291653193468,0.7036099710391819,0.9801620542770125
parkinsons,random,total_UPDRS,Random forest,0,9,587,2082.7380836867824,1.8836416231259896,0.7954317137989765,0.9696311489664001
